1	1	167
1	190	167
1	610	167
1	1030	167
1	1450	167
1	1870	167
1	2290	167
1	2710	167
1	3130	167
1	3550	167
1	3970	167
1	3991	167
1	4012	167
1	4978	167
1	4999	167
1	5020	167
1	5986	167
1	6007	167
1	6028	167
1	6994	167
1	7015	167
1	7036	167
1	8002	167
1	10103	167
1	10104	167
1	10112	167
1	10113	167
1	10196	200
1	10193	33
1	10194	33
201	2	167
201	191	167
201	611	167
201	1031	167
201	1451	167
201	1871	167
201	2291	167
201	2711	167
201	3131	167
201	3551	167
201	3971	167
201	3992	167
201	4013	167
201	4979	167
201	5000	167
201	5021	167
201	5987	167
201	6008	167
201	6029	167
201	6995	167
201	7016	167
201	7037	167
201	8003	167
201	10103	167
201	10104	167
201	10112	167
201	10113	167
201	10196	200
201	10193	33
201	10194	33
301	3	167
301	192	167
301	612	167
301	1032	167
301	1452	167
301	1872	167
301	2292	167
301	2712	167
301	3132	167
301	3552	167
301	3972	167
301	3993	167
301	4014	167
301	4980	167
301	5001	167
301	5022	167
301	5988	167
301	6009	167
301	6030	167
301	6996	167
301	7017	167
301	7038	167
301	8004	167
301	10103	167
301	10104	167
301	10112	167
301	10113	167
301	10196	200
301	10193	33
301	10194	33
401	4	167
401	193	167
401	613	167
401	1033	167
401	1453	167
401	1873	167
401	2293	167
401	2713	167
401	3133	167
401	3553	167
401	3973	167
401	3994	167
401	4015	167
401	4981	167
401	5002	167
401	5023	167
401	5989	167
401	6010	167
401	6031	167
401	6997	167
401	7018	167
401	7039	167
401	8005	167
401	10103	167
401	10104	167
401	10112	167
401	10113	167
401	10196	200
401	10193	33
401	10194	33
501	5	167
501	194	167
501	614	167
501	1034	167
501	1454	167
501	1874	167
501	2294	167
501	2714	167
501	3134	167
501	3554	167
501	3974	167
501	3995	167
501	4016	167
501	4982	167
501	5003	167
501	5024	167
501	5990	167
501	6011	167
501	6032	167
501	6998	167
501	7019	167
501	7040	167
501	8006	167
501	10103	167
501	10104	167
501	10112	167
501	10113	167
501	10196	200
501	10193	33
501	10194	33
601	6	200
601	195	200
601	615	200
601	1035	200
601	1455	200
601	1875	200
601	2295	200
601	2715	200
601	3135	200
601	3555	200
601	3975	200
601	3996	200
601	4017	200
601	4983	200
601	5004	200
601	5025	200
601	5991	200
601	6012	200
601	6033	200
601	6999	200
601	7020	200
601	7041	200
601	8007	200
601	10196	200
601	10193	33
601	10194	33
601	11996	5
601	11997	5
601	13551	5
601	13552	5
2	211	167
2	631	167
2	1051	167
2	1471	167
2	1891	167
2	2311	167
2	2731	167
2	3151	167
2	3571	167
2	4033	167
2	4348	167
2	4663	167
2	5041	167
2	5356	167
2	5671	167
2	6049	167
2	6364	167
2	6679	167
2	7057	167
2	7372	167
2	7687	167
2	10105	167
2	10114	167
2	10393	167
2	10395	167
2	10196	200
2	10193	33
2	10194	33
202	212	167
202	632	167
202	1052	167
202	1472	167
202	1892	167
202	2312	167
202	2732	167
202	3152	167
202	3572	167
202	4034	167
202	4349	167
202	4664	167
202	5042	167
202	5357	167
202	5672	167
202	6050	167
202	6365	167
202	6680	167
202	7058	167
202	7373	167
202	7688	167
202	10105	167
202	10114	167
202	10393	167
202	10395	167
202	10196	200
202	10193	33
202	10194	33
302	213	167
302	633	167
302	1053	167
302	1473	167
302	1893	167
302	2313	167
302	2733	167
302	3153	167
302	3573	167
302	4035	167
302	4350	167
302	4665	167
302	5043	167
302	5358	167
302	5673	167
302	6051	167
302	6366	167
302	6681	167
302	7059	167
302	7374	167
302	7689	167
302	10105	167
302	10114	167
302	10393	167
302	10395	167
302	10196	200
302	10193	33
302	10194	33
402	214	167
402	634	167
402	1054	167
402	1474	167
402	1894	167
402	2314	167
402	2734	167
402	3154	167
402	3574	167
402	4036	167
402	4351	167
402	4666	167
402	5044	167
402	5359	167
402	5674	167
402	6052	167
402	6367	167
402	6682	167
402	7060	167
402	7375	167
402	7690	167
402	10105	167
402	10114	167
402	10393	167
402	10395	167
402	10196	200
402	10193	33
402	10194	33
502	215	167
502	635	167
502	1055	167
502	1475	167
502	1895	167
502	2315	167
502	2735	167
502	3155	167
502	3575	167
502	4037	167
502	4352	167
502	4667	167
502	5045	167
502	5360	167
502	5675	167
502	6053	167
502	6368	167
502	6683	167
502	7061	167
502	7376	167
502	7691	167
502	10105	167
502	10114	167
502	10393	167
502	10395	167
502	10196	200
502	10193	33
502	10194	33
602	216	200
602	636	200
602	1056	200
602	1476	200
602	1896	200
602	2316	200
602	2736	200
602	3156	200
602	3576	200
602	4038	200
602	4353	200
602	4668	200
602	5046	200
602	5361	200
602	5676	200
602	6054	200
602	6369	200
602	6684	200
602	7062	200
602	7377	200
602	7692	200
602	11996	5
602	11997	5
602	13551	5
602	13552	5
602	10196	200
602	10193	33
602	10194	33
3	232	167
3	652	167
3	1072	167
3	1492	167
3	1912	167
3	2332	167
3	2752	167
3	3172	167
3	3592	167
3	4054	167
3	4369	167
3	4684	167
3	5062	167
3	5377	167
3	5692	167
3	6070	167
3	6385	167
3	6700	167
3	7078	167
3	7393	167
3	7708	167
3	8023	167
3	10106	167
3	10115	167
3	10196	200
3	10193	33
3	10194	33
203	233	167
203	653	167
203	1073	167
203	1493	167
203	1913	167
203	2333	167
203	2753	167
203	3173	167
203	3593	167
203	4055	167
203	4370	167
203	4685	167
203	5063	167
203	5378	167
203	5693	167
203	6071	167
203	6386	167
203	6701	167
203	7079	167
203	7394	167
203	7709	167
203	8024	167
203	10106	167
203	10115	167
203	10196	200
203	10193	33
203	10194	33
303	234	167
303	654	167
303	1074	167
303	1494	167
303	1914	167
303	2334	167
303	2754	167
303	3174	167
303	3594	167
303	4056	167
303	4371	167
303	4686	167
303	5064	167
303	5379	167
303	5694	167
303	6072	167
303	6387	167
303	6702	167
303	7080	167
303	7395	167
303	7710	167
303	8025	167
303	10106	167
303	10115	167
303	10196	200
303	10193	33
303	10194	33
403	235	167
403	655	167
403	1075	167
403	1495	167
403	1915	167
403	2335	167
403	2755	167
403	3175	167
403	3595	167
403	4057	167
403	4372	167
403	4687	167
403	5065	167
403	5380	167
403	5695	167
403	6073	167
403	6388	167
403	6703	167
403	7081	167
403	7396	167
403	7711	167
403	8026	167
403	10106	167
403	10115	167
403	10196	200
403	10193	33
403	10194	33
503	236	167
503	656	167
503	1076	167
503	1496	167
503	1916	167
503	2336	167
503	2756	167
503	3176	167
503	3596	167
503	4058	167
503	4373	167
503	4688	167
503	5066	167
503	5381	167
503	5696	167
503	6074	167
503	6389	167
503	6704	167
503	7082	167
503	7397	167
503	7712	167
503	8027	167
503	10106	167
503	10115	167
503	10196	200
503	10193	33
503	10194	33
603	237	200
603	657	200
603	1077	200
603	1497	200
603	1917	200
603	2337	200
603	2757	200
603	3177	200
603	3597	200
603	4059	200
603	4374	200
603	4689	200
603	5067	200
603	5382	200
603	5697	200
603	6075	200
603	6390	200
603	6705	200
603	7083	200
603	7398	200
603	7713	200
603	8028	200
603	11996	17
603	11997	17
603	10196	200
603	10193	33
603	10194	33
4	22	167
4	253	167
4	673	167
4	1093	167
4	1513	167
4	1933	167
4	2353	167
4	2773	167
4	3193	167
4	3613	167
4	4075	167
4	4390	167
4	4705	167
4	5083	167
4	5398	167
4	5713	167
4	6091	167
4	6406	167
4	6721	167
4	7099	167
4	7414	167
4	7729	167
4	8044	167
4	10107	167
4	10116	167
4	10392	167
4	10396	167
4	10196	200
4	10193	33
4	10194	33
204	23	167
204	254	167
204	674	167
204	1094	167
204	1514	167
204	1934	167
204	2354	167
204	2774	167
204	3194	167
204	3614	167
204	4076	167
204	4391	167
204	4706	167
204	5084	167
204	5399	167
204	5714	167
204	6092	167
204	6407	167
204	6722	167
204	7100	167
204	7415	167
204	7730	167
204	8045	167
204	10107	167
204	10116	167
204	10392	167
204	10396	167
204	10196	200
204	10193	33
204	10194	33
304	24	167
304	255	167
304	675	167
304	1095	167
304	1515	167
304	1935	167
304	2355	167
304	2775	167
304	3195	167
304	3615	167
304	4077	167
304	4392	167
304	4707	167
304	5085	167
304	5400	167
304	5715	167
304	6093	167
304	6408	167
304	6723	167
304	7101	167
304	7416	167
304	7731	167
304	8046	167
304	10107	167
304	10116	167
304	10392	167
304	10396	167
304	10196	200
304	10193	33
304	10194	33
404	25	167
404	256	167
404	676	167
404	1096	167
404	1516	167
404	1936	167
404	2356	167
404	2776	167
404	3196	167
404	3616	167
404	4078	167
404	4393	167
404	4708	167
404	5086	167
404	5401	167
404	5716	167
404	6094	167
404	6409	167
404	6724	167
404	7102	167
404	7417	167
404	7732	167
404	8047	167
404	10107	167
404	10116	167
404	10392	167
404	10396	167
404	10196	200
404	10193	33
404	10194	33
504	26	167
504	257	167
504	677	167
504	1097	167
504	1517	167
504	1937	167
504	2357	167
504	2777	167
504	3197	167
504	3617	167
504	4079	167
504	4394	167
504	4709	167
504	5087	167
504	5402	167
504	5717	167
504	6095	167
504	6410	167
504	6725	167
504	7103	167
504	7418	167
504	7733	167
504	8048	167
504	10107	167
504	10116	167
504	10392	167
504	10396	167
504	10196	200
504	10193	33
504	10194	33
604	27	200
604	258	200
604	678	200
604	1098	200
604	1518	200
604	1938	200
604	2358	200
604	2778	200
604	3198	200
604	3618	200
604	4080	200
604	4395	200
604	4710	200
604	5088	200
604	5403	200
604	5718	200
604	6096	200
604	6411	200
604	6726	200
604	7104	200
604	7419	200
604	7734	200
604	8049	200
604	11996	5
604	11997	5
604	13551	5
604	13552	5
604	10196	200
604	10193	33
604	10194	33
5	43	167
5	274	167
5	694	167
5	1114	167
5	1534	167
5	1954	167
5	2374	167
5	2794	167
5	3214	167
5	3634	167
5	4096	167
5	4411	167
5	4726	167
5	5104	167
5	5419	167
5	5734	167
5	6112	167
5	6427	167
5	6742	167
5	7120	167
5	7435	167
5	7750	167
5	8065	167
5	10121	200
5	10122	200
5	10123	100
5	10124	200
5	10125	200
5	10126	200
5	10127	200
5	10128	200
5	10129	100
5	10130	200
5	10131	100
5	10132	200
5	10133	200
5	10134	200
5	10135	200
5	10136	200
5	10196	200
5	10193	33
5	10194	33
205	44	167
205	275	167
205	695	167
205	1115	167
205	1535	167
205	1955	167
205	2375	167
205	2795	167
205	3215	167
205	3635	167
205	4097	167
205	4412	167
205	4727	167
205	5105	167
205	5420	167
205	5735	167
205	6113	167
205	6428	167
205	6743	167
205	7121	167
205	7436	167
205	7751	167
205	8066	167
205	10121	200
205	10122	200
205	10123	100
205	10124	200
205	10125	200
205	10126	200
205	10127	200
205	10128	200
205	10129	100
205	10130	200
205	10131	100
205	10132	200
205	10133	200
205	10134	200
205	10135	200
205	10136	200
205	10196	200
205	10193	33
205	10194	33
305	45	167
305	276	167
305	696	167
305	1116	167
305	1536	167
305	1956	167
305	2376	167
305	2796	167
305	3216	167
305	3636	167
305	4098	167
305	4413	167
305	4728	167
305	5106	167
305	5421	167
305	5736	167
305	6114	167
305	6429	167
305	6744	167
305	7122	167
305	7437	167
305	7752	167
305	8067	167
305	10121	200
305	10122	200
305	10123	100
305	10124	200
305	10125	200
305	10126	200
305	10127	200
305	10128	200
305	10129	100
305	10130	200
305	10131	100
305	10132	200
305	10133	200
305	10134	200
305	10135	200
305	10136	200
305	10196	200
305	10193	33
305	10194	33
405	46	167
405	277	167
405	697	167
405	1117	167
405	1537	167
405	1957	167
405	2377	167
405	2797	167
405	3217	167
405	3637	167
405	4099	167
405	4414	167
405	4729	167
405	5107	167
405	5422	167
405	5737	167
405	6115	167
405	6430	167
405	6745	167
405	7123	167
405	7438	167
405	7753	167
405	8068	167
405	10121	200
405	10122	200
405	10123	100
405	10124	200
405	10125	200
405	10126	200
405	10127	200
405	10128	200
405	10129	100
405	10130	200
405	10131	100
405	10132	200
405	10133	200
405	10134	200
405	10135	200
405	10136	200
405	10196	200
405	10193	33
405	10194	33
505	47	167
505	278	167
505	698	167
505	1118	167
505	1538	167
505	1958	167
505	2378	167
505	2798	167
505	3218	167
505	3638	167
505	4100	167
505	4415	167
505	4730	167
505	5108	167
505	5423	167
505	5738	167
505	6116	167
505	6431	167
505	6746	167
505	7124	167
505	7439	167
505	7754	167
505	8069	167
505	10121	200
505	10122	200
505	10123	100
505	10124	200
505	10125	200
505	10126	200
505	10127	200
505	10128	200
505	10129	100
505	10130	200
505	10131	100
505	10132	200
505	10133	200
505	10134	200
505	10135	200
505	10136	200
505	10196	200
505	10193	33
505	10194	33
605	48	200
605	279	200
605	699	200
605	1119	200
605	1539	200
605	1959	200
605	2379	200
605	2799	200
605	3219	200
605	3639	200
605	4101	200
605	4416	200
605	4731	200
605	5109	200
605	5424	200
605	5739	200
605	6117	200
605	6432	200
605	6747	200
605	7125	200
605	7440	200
605	7755	200
605	8070	200
605	11996	7
605	11997	7
605	13551	7
605	13552	7
605	10196	200
605	10193	33
605	10194	33
6	715	189
6	1135	189
6	1555	189
6	1975	189
6	2395	189
6	2815	189
6	3235	189
6	3655	189
6	10108	189
6	10117	189
6	10394	189
6	10397	100
6	12042	189
6	12049	189
6	12073	189
6	10196	200
6	10193	33
6	10194	33
206	716	189
206	1136	189
206	1556	189
206	1976	189
206	2396	189
206	2816	189
206	3236	189
206	3656	189
206	10108	189
206	10117	189
206	10394	189
206	10397	100
206	12042	189
206	12049	189
206	12073	189
206	10196	200
206	10193	33
206	10194	33
306	717	189
306	1137	189
306	1557	189
306	1977	189
306	2397	189
306	2817	189
306	3237	189
306	3657	189
306	10108	189
306	10117	189
306	10394	189
306	10397	100
306	12042	189
306	12049	189
306	12073	189
306	10196	200
306	10193	33
306	10194	33
406	718	189
406	1138	189
406	1558	189
406	1978	189
406	2398	189
406	2818	189
406	3238	189
406	3658	189
406	10108	189
406	10117	189
406	10394	189
406	10397	100
406	12042	189
406	12049	189
406	12073	189
406	10196	200
406	10193	33
406	10194	33
506	719	189
506	1139	189
506	1559	189
506	1979	189
506	2399	189
506	2819	189
506	3239	189
506	3659	189
506	10108	189
506	10117	189
506	10394	189
506	10397	100
506	12042	189
506	12049	189
506	12073	189
506	10196	200
506	10193	33
506	10194	33
606	720	189
606	1140	189
606	1560	189
606	1980	189
606	2400	189
606	2820	189
606	3240	189
606	3660	189
606	10108	189
606	10117	189
606	10394	189
606	10397	100
606	12042	189
606	12049	189
606	12073	189
606	11996	7
606	11997	7
606	13551	7
606	13552	7
606	10196	200
606	10193	33
606	10194	33
7	295	189
7	736	189
7	1156	189
7	1576	189
7	1996	189
7	2416	189
7	2836	189
7	3256	189
7	3676	189
7	4117	189
7	4432	189
7	4747	189
7	5125	189
7	5440	189
7	5755	189
7	6133	189
7	6448	189
7	6763	189
7	7141	189
7	7456	189
7	7771	189
7	8086	189
7	10109	189
7	10118	189
7	12051	189
7	12075	189
7	10196	200
7	10193	33
7	10194	33
207	296	155
207	737	155
207	1157	155
207	1577	155
207	1997	155
207	2417	155
207	2837	155
207	3257	155
207	3677	155
207	4118	155
207	4433	155
207	4748	155
207	5126	155
207	5441	155
207	5756	155
207	6134	155
207	6449	155
207	6764	155
207	7142	155
207	7457	155
207	7772	155
207	8087	155
207	10109	155
207	10118	155
207	12051	155
207	12075	155
207	10196	200
207	10193	33
207	10194	33
307	297	155
307	738	155
307	1158	155
307	1578	155
307	1998	155
307	2418	155
307	2838	155
307	3258	155
307	3678	155
307	4119	155
307	4434	155
307	4749	155
307	5127	155
307	5442	155
307	5757	155
307	6135	155
307	6450	155
307	6765	155
307	7143	155
307	7458	155
307	7773	155
307	8088	155
307	10109	155
307	10118	155
307	12051	155
307	12075	155
307	10196	200
307	10193	33
307	10194	33
407	298	155
407	739	155
407	1159	155
407	1579	155
407	1999	155
407	2419	155
407	2839	155
407	3259	155
407	3679	155
407	4120	155
407	4435	155
407	4750	155
407	5128	155
407	5443	155
407	5758	155
407	6136	155
407	6451	155
407	6766	155
407	7144	155
407	7459	155
407	7774	155
407	8089	155
407	10109	155
407	10118	155
407	12051	155
407	12075	155
407	10196	200
407	10193	33
407	10194	33
507	299	155
507	740	155
507	1160	155
507	1580	155
507	2000	155
507	2420	155
507	2840	155
507	3260	155
507	3680	155
507	4121	155
507	4436	155
507	4751	155
507	5129	155
507	5444	155
507	5759	155
507	6137	155
507	6452	155
507	6767	155
507	7145	155
507	7460	155
507	7775	155
507	8090	155
507	10109	155
507	10118	155
507	12051	155
507	12075	155
507	10196	200
507	10193	33
507	10194	33
607	300	155
607	741	155
607	1161	155
607	1581	155
607	2001	155
607	2421	155
607	2841	155
607	3261	155
607	3681	155
607	4122	155
607	4437	155
607	4752	155
607	5130	155
607	5445	155
607	5760	155
607	6138	155
607	6453	155
607	6768	155
607	7146	155
607	7461	155
607	7776	155
607	8091	155
607	11996	9
607	11997	9
607	13551	9
607	13552	9
607	10196	200
607	10193	33
607	10194	33
8	43	155
8	337	155
8	757	155
8	1177	155
8	1597	155
8	2017	155
8	2437	155
8	2857	155
8	3277	155
8	3697	155
8	4138	155
8	4453	155
8	4768	155
8	5146	155
8	5461	155
8	5776	155
8	6154	155
8	6469	155
8	6784	155
8	7162	155
8	7477	155
8	7792	155
8	8107	155
8	10110	100
8	10119	100
8	12031	155
8	12037	155
8	12040	155
8	12046	100
8	12053	155
8	12077	155
8	10196	200
8	10193	33
8	10194	33
208	44	155
208	338	155
208	758	155
208	1178	155
208	1598	155
208	2018	155
208	2438	155
208	2858	155
208	3278	155
208	3698	155
208	4139	155
208	4454	155
208	4769	155
208	5147	155
208	5462	155
208	5777	155
208	6155	155
208	6470	155
208	6785	155
208	7163	155
208	7478	155
208	7793	155
208	8108	155
208	10110	100
208	10119	100
208	12031	155
208	12037	155
208	12040	155
208	12046	100
208	12053	155
208	12077	155
208	10196	200
208	10193	33
208	10194	33
308	45	155
308	339	155
308	759	155
308	1179	155
308	1599	155
308	2019	155
308	2439	155
308	2859	155
308	3279	155
308	3699	155
308	4140	155
308	4455	155
308	4770	155
308	5148	155
308	5463	155
308	5778	155
308	6156	155
308	6471	155
308	6786	155
308	7164	155
308	7479	155
308	7794	155
308	8109	155
308	10110	100
308	10119	100
308	12031	155
308	12037	155
308	12040	155
308	12046	100
308	12053	155
308	12077	155
308	10196	200
308	10193	33
308	10194	33
408	46	155
408	340	155
408	760	155
408	1180	155
408	1600	155
408	2020	155
408	2440	155
408	2860	155
408	3280	155
408	3700	155
408	4141	155
408	4456	155
408	4771	155
408	5149	155
408	5464	155
408	5779	155
408	6157	155
408	6472	155
408	6787	155
408	7165	155
408	7480	155
408	7795	155
408	8110	155
408	10110	100
408	10119	100
408	12031	155
408	12037	155
408	12040	155
408	12046	100
408	12053	155
408	12077	155
408	10196	200
408	10193	33
408	10194	33
508	47	155
508	341	155
508	761	155
508	1181	155
508	1601	155
508	2021	155
508	2441	155
508	2861	155
508	3281	155
508	3701	155
508	4142	155
508	4457	155
508	4772	155
508	5150	155
508	5465	155
508	5780	155
508	6158	155
508	6473	155
508	6788	155
508	7166	155
508	7481	155
508	7796	155
508	8111	155
508	10110	100
508	10119	100
508	12031	155
508	12037	155
508	12040	155
508	12046	100
508	12053	155
508	12077	155
508	10196	200
508	10193	33
508	10194	33
608	48	155
608	342	155
608	762	155
608	1182	155
608	1602	155
608	2022	155
608	2442	155
608	2862	155
608	3282	155
608	3702	155
608	4143	155
608	4458	155
608	4773	155
608	5151	155
608	5466	155
608	5781	155
608	6159	155
608	6474	155
608	6789	155
608	7167	155
608	7482	155
608	7797	155
608	8112	155
608	10110	100
608	10119	100
608	12031	155
608	12037	155
608	11996	155
608	11997	155
608	13551	155
608	13552	155
608	10196	200
608	10193	33
608	10194	33
9	64	155
9	358	155
9	778	155
9	1198	155
9	1618	155
9	2038	155
9	2458	155
9	2878	155
9	3298	155
9	3718	155
9	4159	155
9	4474	155
9	4789	155
9	5167	155
9	5482	155
9	5797	155
9	6175	155
9	6490	155
9	6805	155
9	7183	155
9	7498	155
9	7813	155
9	8128	155
9	10111	155
9	10120	155
9	12067	155
9	12079	155
9	10196	200
9	10193	33
9	10194	33
209	65	155
209	359	155
209	779	155
209	1199	155
209	1619	155
209	2039	155
209	2459	155
209	2879	155
209	3299	155
209	3719	155
209	4160	155
209	4475	155
209	4790	155
209	5168	155
209	5483	155
209	5798	155
209	6176	155
209	6491	155
209	6806	155
209	7184	155
209	7499	155
209	7814	155
209	8129	155
209	10111	155
209	10120	155
209	12067	155
209	12079	155
209	10196	200
209	10193	33
209	10194	33
309	66	155
309	360	155
309	780	155
309	1200	155
309	1620	155
309	2040	155
309	2460	155
309	2880	155
309	3300	155
309	3720	155
309	4161	155
309	4476	155
309	4791	155
309	5169	155
309	5484	155
309	5799	155
309	6177	155
309	6492	155
309	6807	155
309	7185	155
309	7500	155
309	7815	155
309	8130	155
309	10111	155
309	10120	155
309	12067	155
309	12079	155
309	10196	200
309	10193	33
309	10194	33
409	67	155
409	361	155
409	781	155
409	1201	155
409	1621	155
409	2041	155
409	2461	155
409	2881	155
409	3301	155
409	3721	155
409	4162	155
409	4477	155
409	4792	155
409	5170	155
409	5485	155
409	5800	155
409	6178	155
409	6493	155
409	6808	155
409	7186	155
409	7501	155
409	7816	155
409	8131	155
409	10111	155
409	10120	155
409	12067	155
409	12079	155
409	10196	200
409	10193	33
409	10194	33
509	68	155
509	362	155
509	782	155
509	1202	155
509	1622	155
509	2042	155
509	2462	155
509	2882	155
509	3302	155
509	3722	155
509	4163	155
509	4478	155
509	4793	155
509	5171	155
509	5486	155
509	5801	155
509	6179	155
509	6494	155
509	6809	155
509	7187	155
509	7502	155
509	7817	155
509	8132	155
509	10111	155
509	10120	155
509	12067	155
509	12079	155
509	10196	200
509	10193	33
509	10194	33
609	69	155
609	363	155
609	783	155
609	1203	155
609	1623	155
609	2043	155
609	2463	155
609	2883	155
609	3303	155
609	3723	155
609	4164	155
609	4479	155
609	4794	155
609	5172	155
609	5487	155
609	5802	155
609	6180	155
609	6495	155
609	6810	155
609	7188	155
609	7503	155
609	7818	155
609	8133	155
609	11996	9
609	11997	9
609	13551	9
609	13552	9
609	10196	200
609	10193	33
609	10194	33
10	316	155
10	379	155
10	799	155
10	1219	155
10	1639	155
10	2059	155
10	2479	155
10	2899	155
10	3319	155
10	3739	155
10	4180	155
10	4495	155
10	4810	155
10	5188	155
10	5503	155
10	5818	155
10	6196	155
10	6511	155
10	6826	155
10	7204	155
10	7519	155
10	7834	155
10	8149	155
10	12033	155
10	12050	155
10	12055	155
10	12074	155
10	12081	155
10	10196	200
10	10193	33
10	10194	33
210	317	155
210	380	155
210	800	155
210	1220	155
210	1640	155
210	2060	155
210	2480	155
210	2900	155
210	3320	155
210	3740	155
210	4181	155
210	4496	155
210	4811	155
210	5189	155
210	5504	155
210	5819	155
210	6197	155
210	6512	155
210	6827	155
210	7205	155
210	7520	155
210	7835	155
210	8150	155
210	12033	155
210	12050	155
210	12055	155
210	12074	155
210	12081	155
210	10196	200
210	10193	33
210	10194	33
310	318	155
310	381	155
310	801	155
310	1221	155
310	1641	155
310	2061	155
310	2481	155
310	2901	155
310	3321	155
310	3741	155
310	4182	155
310	4497	155
310	4812	155
310	5190	155
310	5505	155
310	5820	155
310	6198	155
310	6513	155
310	6828	155
310	7206	155
310	7521	155
310	7836	155
310	8151	155
310	12033	155
310	12050	155
310	12055	155
310	12074	155
310	12081	155
310	10196	200
310	10193	33
310	10194	33
410	319	155
410	382	155
410	802	155
410	1222	155
410	1642	155
410	2062	155
410	2482	155
410	2902	155
410	3322	155
410	3742	155
410	4183	155
410	4498	155
410	4813	155
410	5191	155
410	5506	155
410	5821	155
410	6199	155
410	6514	155
410	6829	155
410	7207	155
410	7522	155
410	7837	155
410	8152	155
410	12033	155
410	12050	155
410	12055	155
410	12074	155
410	12081	155
410	10196	200
410	10193	33
410	10194	33
510	320	155
510	383	155
510	803	155
510	1223	155
510	1643	155
510	2063	155
510	2483	155
510	2903	155
510	3323	155
510	3743	155
510	4184	155
510	4499	155
510	4814	155
510	5192	155
510	5507	155
510	5822	155
510	6200	155
510	6515	155
510	6830	155
510	7208	155
510	7523	155
510	7838	155
510	8153	155
510	12033	155
510	12050	155
510	12055	155
510	12074	155
510	12081	155
510	10196	200
510	10193	33
510	10194	33
610	321	155
610	384	155
610	804	155
610	1224	155
610	1644	155
610	2064	155
610	2484	155
610	2904	155
610	3324	155
610	3744	155
610	4185	155
610	4500	155
610	4815	155
610	5193	155
610	5508	155
610	5823	155
610	6201	155
610	6516	155
610	6831	155
610	7209	155
610	7524	155
610	7839	155
610	8154	155
610	12033	155
610	11996	9
610	11997	9
610	13551	9
610	13552	9
610	10196	200
610	10193	33
610	10194	33
11	400	144
11	820	144
11	1240	144
11	1660	144
11	2080	144
11	2500	144
11	2920	144
11	3340	144
11	3760	144
11	10386	144
11	10389	144
11	12052	144
11	12076	144
11	10196	200
11	10193	33
11	10194	33
211	401	144
211	821	144
211	1241	144
211	1661	144
211	2081	144
211	2501	144
211	2921	144
211	3341	144
211	3761	144
211	10386	144
211	10389	144
211	12052	144
211	12076	144
211	10196	200
211	10193	33
211	10194	33
311	402	144
311	822	144
311	1242	144
311	1662	144
311	2082	144
311	2502	144
311	2922	144
311	3342	144
311	3762	144
311	10386	144
311	10389	144
311	12052	144
311	12076	144
311	10196	200
311	10193	33
311	10194	33
411	403	144
411	823	144
411	1243	144
411	1663	144
411	2083	144
411	2503	144
411	2923	144
411	3343	144
411	3763	144
411	10386	144
411	10389	144
411	12052	144
411	12076	144
411	10196	200
411	10193	33
411	10194	33
511	404	144
511	824	144
511	1244	144
511	1664	144
511	2084	144
511	2504	144
511	2924	144
511	3344	144
511	3764	144
511	10386	144
511	10389	144
511	12052	144
511	12076	144
511	10196	200
511	10193	33
511	10194	33
611	405	144
611	825	144
611	1245	144
611	1665	144
611	2085	144
611	2505	144
611	2925	144
611	3345	144
611	3765	144
611	11996	9
611	11997	9
611	13551	9
611	13552	9
611	10196	200
611	10193	33
611	10194	33
17	421	144
17	841	144
17	1261	144
17	1681	144
17	2101	144
17	2521	144
17	2941	144
17	3361	144
17	3781	144
17	4201	144
17	4516	144
17	4831	144
17	5209	144
17	5524	144
17	5839	144
17	6217	144
17	6532	144
17	6847	144
17	7225	144
17	7540	144
17	7855	144
17	8170	144
17	10387	144
17	10390	144
17	12032	144
17	12035	144
17	12041	144
17	12044	100
17	12054	144
17	12059	144
17	12078	144
17	12087	144
17	10196	200
17	10193	33
17	10194	33
217	422	144
217	842	144
217	1262	144
217	1682	144
217	2102	144
217	2522	144
217	2942	144
217	3362	144
217	3782	144
217	4202	144
217	4517	144
217	4832	144
217	5210	144
217	5525	144
217	5840	144
217	6218	144
217	6533	144
217	6848	144
217	7226	144
217	7541	144
217	7856	144
217	8171	144
217	10387	144
217	10390	144
217	12032	144
217	12035	144
217	12041	144
217	12044	100
217	12054	144
217	12059	144
217	12078	144
217	12087	144
217	10196	200
217	10193	33
217	10194	33
317	423	144
317	843	144
317	1263	144
317	1683	144
317	2103	144
317	2523	144
317	2943	144
317	3363	144
317	3783	144
317	4203	144
317	4518	144
317	4833	144
317	5211	144
317	5526	144
317	5841	144
317	6219	144
317	6534	144
317	6849	144
317	7227	144
317	7542	144
317	7857	144
317	8172	144
317	10387	144
317	10390	144
317	12032	144
317	12035	144
317	12041	144
317	12044	100
317	12054	144
317	12059	144
317	12078	144
317	12087	144
317	10196	200
317	10193	33
317	10194	33
417	424	144
417	844	144
417	1264	144
417	1684	144
417	2104	144
417	2524	144
417	2944	144
417	3364	144
417	3784	144
417	4204	144
417	4519	144
417	4834	144
417	5212	144
417	5527	144
417	5842	144
417	6220	144
417	6535	144
417	6850	144
417	7228	144
417	7543	144
417	7858	144
417	8173	144
417	10387	144
417	10390	144
417	12032	144
417	12035	144
417	12041	144
417	12044	100
417	12054	144
417	12059	144
417	12078	144
417	12087	144
417	10196	200
417	10193	33
417	10194	33
517	425	144
517	845	144
517	1265	144
517	1685	144
517	2105	144
517	2525	144
517	2945	144
517	3365	144
517	3785	144
517	4205	144
517	4520	144
517	4835	144
517	5213	144
517	5528	144
517	5843	144
517	6221	144
517	6536	144
517	6851	144
517	7229	144
517	7544	144
517	7859	144
517	8174	144
517	10387	144
517	10390	144
517	12032	144
517	12035	144
517	12041	144
517	12044	100
517	12054	144
517	12059	144
517	12078	144
517	12087	144
517	10196	200
517	10193	33
517	10194	33
617	426	144
617	846	144
617	1266	144
617	1686	144
617	2106	144
617	2526	144
617	2946	144
617	3366	144
617	3786	144
617	4206	144
617	4521	144
617	4836	144
617	5214	144
617	5529	144
617	5844	144
617	6222	144
617	6537	144
617	6852	144
617	7230	144
617	7545	144
617	7860	144
617	8175	144
617	10387	144
617	10390	144
617	12032	144
617	12035	144
617	12041	144
617	12044	100
617	11996	11
617	11997	11
617	13551	11
617	13552	11
617	10196	200
617	10193	33
617	10194	33
12	85	144
12	442	144
12	862	144
12	1282	144
12	1702	144
12	2122	144
12	2542	144
12	2962	144
12	3382	144
12	3802	144
12	4222	144
12	4537	144
12	4852	144
12	5230	144
12	5545	144
12	5860	144
12	6238	144
12	6553	144
12	6868	144
12	7246	144
12	7561	144
12	7876	144
12	8191	144
12	10388	100
12	10391	100
12	12061	144
12	12068	144
12	12080	144
12	12089	144
12	10196	200
12	10193	33
12	10194	33
212	86	144
212	443	144
212	863	144
212	1283	144
212	1703	144
212	2123	144
212	2543	144
212	2963	144
212	3383	144
212	3803	144
212	4223	144
212	4538	144
212	4853	144
212	5231	144
212	5546	144
212	5861	144
212	6239	144
212	6554	144
212	6869	144
212	7247	144
212	7562	144
212	7877	144
212	8192	144
212	10388	100
212	10391	100
212	12061	144
212	12068	144
212	12080	144
212	12089	144
212	10196	200
212	10193	33
212	10194	33
312	87	144
312	444	144
312	864	144
312	1284	144
312	1704	144
312	2124	144
312	2544	144
312	2964	144
312	3384	144
312	3804	144
312	4224	144
312	4539	144
312	4854	144
312	5232	144
312	5547	144
312	5862	144
312	6240	144
312	6555	144
312	6870	144
312	7248	144
312	7563	144
312	7878	144
312	8193	144
312	10388	100
312	10391	100
312	12061	144
312	12068	144
312	12080	144
312	12089	144
312	10196	200
312	10193	33
312	10194	33
412	88	144
412	445	144
412	865	144
412	1285	144
412	1705	144
412	2125	144
412	2545	144
412	2965	144
412	3385	144
412	3805	144
412	4225	144
412	4540	144
412	4855	144
412	5233	144
412	5548	144
412	5863	144
412	6241	144
412	6556	144
412	6871	144
412	7249	144
412	7564	144
412	7879	144
412	8194	144
412	10388	100
412	10391	100
412	12061	144
412	12068	144
412	12080	144
412	12089	144
412	10196	200
412	10193	33
412	10194	33
512	89	144
512	446	144
512	866	144
512	1286	144
512	1706	144
512	2126	144
512	2546	144
512	2966	144
512	3386	144
512	3806	144
512	4226	144
512	4541	144
512	4856	144
512	5234	144
512	5549	144
512	5864	144
512	6242	144
512	6557	144
512	6872	144
512	7250	144
512	7565	144
512	7880	144
512	8195	144
512	10388	100
512	10391	100
512	12061	144
512	12068	144
512	12080	144
512	12089	144
512	10196	200
512	10193	33
512	10194	33
612	90	144
612	447	144
612	867	144
612	1287	144
612	1707	144
612	2127	144
612	2547	144
612	2967	144
612	3387	144
612	3807	144
612	4227	144
612	4542	144
612	4857	144
612	5235	144
612	5550	144
612	5865	144
612	6243	144
612	6558	144
612	6873	144
612	7251	144
612	7566	144
612	7881	144
612	8196	144
612	10388	100
612	10391	100
612	11996	9
612	11997	9
612	13551	9
612	13552	9
612	10196	200
612	10193	33
612	10194	33
13	106	144
13	463	144
13	883	144
13	1303	144
13	1723	144
13	2143	144
13	2563	144
13	2983	144
13	3403	144
13	3823	144
13	4243	144
13	4558	144
13	4873	144
13	5251	144
13	5566	144
13	5881	144
13	6259	144
13	6574	144
13	6889	144
13	7267	144
13	7582	144
13	7897	144
13	8212	144
13	12034	100
13	12038	144
13	12043	144
13	12047	100
13	12056	100
13	12063	100
13	12082	100
13	12083	100
13	10196	200
13	10193	33
13	10194	33
213	107	144
213	464	144
213	884	144
213	1304	144
213	1724	144
213	2144	144
213	2564	144
213	2984	144
213	3404	144
213	3824	144
213	4244	144
213	4559	144
213	4874	144
213	5252	144
213	5567	144
213	5882	144
213	6260	144
213	6575	144
213	6890	144
213	7268	144
213	7583	144
213	7898	144
213	8213	144
213	12034	100
213	12038	144
213	12043	144
213	12047	100
213	12056	100
213	12063	100
213	12082	100
213	12083	100
213	10196	200
213	10193	33
213	10194	33
313	108	144
313	465	144
313	885	144
313	1305	144
313	1725	144
313	2145	144
313	2565	144
313	2985	144
313	3405	144
313	3825	144
313	4245	144
313	4560	144
313	4875	144
313	5253	144
313	5568	144
313	5883	144
313	6261	144
313	6576	144
313	6891	144
313	7269	144
313	7584	144
313	7899	144
313	8214	144
313	12034	100
313	12038	144
313	12043	144
313	12047	100
313	12056	100
313	12063	100
313	12082	100
313	12083	100
313	10196	200
313	10193	33
313	10194	33
413	109	144
413	466	144
413	886	144
413	1306	144
413	1726	144
413	2146	144
413	2566	144
413	2986	144
413	3406	144
413	3826	144
413	4246	144
413	4561	144
413	4876	144
413	5254	144
413	5569	144
413	5884	144
413	6262	144
413	6577	144
413	6892	144
413	7270	144
413	7585	144
413	7900	144
413	8215	144
413	12034	100
413	12038	144
413	12043	144
413	12047	100
413	12056	100
413	12063	100
413	12082	100
413	12083	100
413	10196	200
413	10193	33
413	10194	33
513	110	144
513	467	144
513	887	144
513	1307	144
513	1727	144
513	2147	144
513	2567	144
513	2987	144
513	3407	144
513	3827	144
513	4247	144
513	4562	144
513	4877	144
513	5255	144
513	5570	144
513	5885	144
513	6263	144
513	6578	144
513	6893	144
513	7271	144
513	7586	144
513	7901	144
513	8216	144
513	12034	100
513	12038	144
513	12043	144
513	12047	100
513	12056	100
513	12063	100
513	12082	100
513	12083	100
513	10196	200
513	10193	33
513	10194	33
613	111	144
613	468	144
613	888	144
613	1308	144
613	1728	144
613	2148	144
613	2568	144
613	2988	144
613	3408	144
613	3828	144
613	4248	144
613	4563	144
613	4878	144
613	5256	144
613	5571	144
613	5886	144
613	6264	144
613	6579	144
613	6894	144
613	7272	144
613	7587	144
613	7902	144
613	8217	144
613	12034	100
613	12038	144
613	12043	144
613	12047	100
613	11996	9
613	11997	9
613	13551	9
613	13552	9
613	10196	200
613	10193	33
613	10194	33
14	127	144
14	484	144
14	904	144
14	1324	144
14	1744	144
14	2164	144
14	2584	144
14	3004	144
14	3424	144
14	3844	144
14	4264	144
14	4579	144
14	4894	144
14	5272	144
14	5587	144
14	5902	144
14	6280	144
14	6595	144
14	6910	144
14	7288	144
14	7603	144
14	7918	144
14	8233	144
14	12065	144
14	12091	144
14	10196	200
14	10193	33
14	10194	33
214	128	144
214	485	144
214	905	144
214	1325	144
214	1745	144
214	2165	144
214	2585	144
214	3005	144
214	3425	144
214	3845	144
214	4265	144
214	4580	144
214	4895	144
214	5273	144
214	5588	144
214	5903	144
214	6281	144
214	6596	144
214	6911	144
214	7289	144
214	7604	144
214	7919	144
214	8234	144
214	12065	144
214	12091	144
214	10196	200
214	10193	33
214	10194	33
314	129	144
314	486	144
314	906	144
314	1326	144
314	1746	144
314	2166	144
314	2586	144
314	3006	144
314	3426	144
314	3846	144
314	4266	144
314	4581	144
314	4896	144
314	5274	144
314	5589	144
314	5904	144
314	6282	144
314	6597	144
314	6912	144
314	7290	144
314	7605	144
314	7920	144
314	8235	144
314	12065	144
314	12091	144
314	10196	200
314	10193	33
314	10194	33
414	130	144
414	487	144
414	907	144
414	1327	144
414	1747	144
414	2167	144
414	2587	144
414	3007	144
414	3427	144
414	3847	144
414	4267	144
414	4582	144
414	4897	144
414	5275	144
414	5590	144
414	5905	144
414	6283	144
414	6598	144
414	6913	144
414	7291	144
414	7606	144
414	7921	144
414	8236	144
414	12065	144
414	12091	144
414	10196	200
414	10193	33
414	10194	33
514	131	144
514	488	144
514	908	144
514	1328	144
514	1748	144
514	2168	144
514	2588	144
514	3008	144
514	3428	144
514	3848	144
514	4268	144
514	4583	144
514	4898	144
514	5276	144
514	5591	144
514	5906	144
514	6284	144
514	6599	144
514	6914	144
514	7292	144
514	7607	144
514	7922	144
514	8237	144
514	12065	144
514	12091	144
514	10196	200
514	10193	33
514	10194	33
614	132	144
614	489	144
614	909	144
614	1329	144
614	1749	144
614	2169	144
614	2589	144
614	3009	144
614	3429	144
614	3849	144
614	4269	144
614	4584	144
614	4899	144
614	5277	144
614	5592	144
614	5907	144
614	6285	144
614	6600	144
614	6915	144
614	7293	144
614	7608	144
614	7923	144
614	8238	144
614	11996	9
614	11997	9
614	10196	200
614	10193	33
614	10194	33
15	505	133
15	925	133
15	1345	133
15	1765	133
15	2185	133
15	2605	133
15	3025	133
15	3445	133
15	3865	133
15	12036	100
15	12045	100
15	12060	133
15	12088	133
15	10196	200
15	10193	33
15	10194	33
215	506	133
215	926	133
215	1346	133
215	1766	133
215	2186	133
215	2606	133
215	3026	133
215	3446	133
215	3866	133
215	12036	100
215	12045	100
215	12060	133
215	12088	133
215	10196	200
215	10193	33
215	10194	33
315	507	133
315	927	133
315	1347	133
315	1767	133
315	2187	133
315	2607	133
315	3027	133
315	3447	133
315	3867	133
315	12036	100
315	12045	100
315	12060	133
315	12088	133
315	10196	200
315	10193	33
315	10194	33
415	508	133
415	928	133
415	1348	133
415	1768	133
415	2188	133
415	2608	133
415	3028	133
415	3448	133
415	3868	133
415	12036	100
415	12045	100
415	12060	133
415	12088	133
415	10196	200
415	10193	33
415	10194	33
515	509	133
515	929	133
515	1349	133
515	1769	133
515	2189	133
515	2609	133
515	3029	133
515	3449	133
515	3869	133
515	12036	100
515	12045	100
515	12060	133
515	12088	133
515	10196	200
515	10193	33
515	10194	33
615	510	133
615	930	133
615	1350	133
615	1770	133
615	2190	133
615	2610	133
615	3030	133
615	3450	133
615	3870	133
615	11996	10
615	11997	10
615	13551	10
615	13552	10
615	10196	200
615	10193	33
615	10194	33
16	526	133
16	946	133
16	1366	133
16	1786	133
16	2206	133
16	2626	133
16	3046	133
16	3466	133
16	3886	133
16	12062	133
16	12069	133
16	12090	100
16	12093	133
16	10196	200
16	10193	33
16	10194	33
216	527	133
216	947	133
216	1367	133
216	1787	133
216	2207	133
216	2627	133
216	3047	133
216	3467	133
216	3887	133
216	12062	133
216	12069	133
216	12090	100
216	12093	133
216	10196	200
216	10193	33
216	10194	33
316	528	133
316	948	133
316	1368	133
316	1788	133
316	2208	133
316	2628	133
316	3048	133
316	3468	133
316	3888	133
316	12062	133
316	12069	133
316	12090	100
316	12093	133
316	10196	200
316	10193	33
316	10194	33
416	529	133
416	949	133
416	1369	133
416	1789	133
416	2209	133
416	2629	133
416	3049	133
416	3469	133
416	3889	133
416	12062	133
416	12069	133
416	12090	100
416	12093	133
416	10196	200
416	10193	33
416	10194	33
516	530	133
516	950	133
516	1370	133
516	1790	133
516	2210	133
516	2630	133
516	3050	133
516	3470	133
516	3890	133
516	12062	133
516	12069	133
516	12090	100
516	12093	133
516	10196	200
516	10193	33
516	10194	33
616	531	133
616	951	133
616	1371	133
616	1791	133
616	2211	133
616	2631	133
616	3051	133
616	3471	133
616	3891	133
616	11996	10
616	11997	10
616	13551	10
616	13552	10
616	10196	200
616	10193	33
616	10194	33
18	547	133
18	967	133
18	1387	133
18	1807	133
18	2227	133
18	2647	133
18	3067	133
18	3487	133
18	3907	133
18	4285	133
18	4600	133
18	4915	133
18	5293	133
18	5608	133
18	5923	133
18	6301	133
18	6616	133
18	6931	133
18	7309	133
18	7624	133
18	7939	133
18	8254	133
18	12039	133
18	12048	100
18	12064	100
18	12071	133
18	12084	100
18	12095	133
18	10196	200
18	10193	33
18	10194	33
218	548	133
218	968	133
218	1388	133
218	1808	133
218	2228	133
218	2648	133
218	3068	133
218	3488	133
218	3908	133
218	4286	133
218	4601	133
218	4916	133
218	5294	133
218	5609	133
218	5924	133
218	6302	133
218	6617	133
218	6932	133
218	7310	133
218	7625	133
218	7940	133
218	8255	133
218	12039	133
218	12048	100
218	12064	100
218	12071	133
218	12084	100
218	12095	133
218	10196	200
218	10193	33
218	10194	33
318	549	133
318	969	133
318	1389	133
318	1809	133
318	2229	133
318	2649	133
318	3069	133
318	3489	133
318	3909	133
318	4287	133
318	4602	133
318	4917	133
318	5295	133
318	5610	133
318	5925	133
318	6303	133
318	6618	133
318	6933	133
318	7311	133
318	7626	133
318	7941	133
318	8256	133
318	12039	133
318	12048	100
318	12064	100
318	12071	133
318	12084	100
318	12095	133
318	10196	200
318	10193	33
318	10194	33
418	550	133
418	970	133
418	1390	133
418	1810	133
418	2230	133
418	2650	133
418	3070	133
418	3490	133
418	3910	133
418	4288	133
418	4603	133
418	4918	133
418	5296	133
418	5611	133
418	5926	133
418	6304	133
418	6619	133
418	6934	133
418	7312	133
418	7627	133
418	7942	133
418	8257	133
418	12039	133
418	12048	100
418	12064	100
418	12071	133
418	12084	100
418	12095	133
418	10196	200
418	10193	33
418	10194	33
518	551	133
518	971	133
518	1391	133
518	1811	133
518	2231	133
518	2651	133
518	3071	133
518	3491	133
518	3911	133
518	4289	133
518	4604	133
518	4919	133
518	5297	133
518	5612	133
518	5927	133
518	6305	133
518	6620	133
518	6935	133
518	7313	133
518	7628	133
518	7943	133
518	8258	133
518	12039	133
518	12048	100
518	12064	100
518	12071	133
518	12084	100
518	12095	133
518	10196	200
518	10193	33
518	10194	33
618	552	133
618	972	133
618	1392	133
618	1812	133
618	2232	133
618	2652	133
618	3072	133
618	3492	133
618	3912	133
618	4290	133
618	4605	133
618	4920	133
618	5298	133
618	5613	133
618	5928	133
618	6306	133
618	6621	133
618	6936	133
618	7314	133
618	7629	133
618	7944	133
618	8259	133
618	12039	133
618	12048	100
618	11996	11
618	11997	11
618	13551	11
618	13552	11
618	10196	200
618	10193	33
618	10194	33
19	148	133
19	568	133
19	988	133
19	1408	133
19	1828	133
19	2248	133
19	2668	133
19	3088	133
19	3508	133
19	3928	133
19	4306	133
19	4621	133
19	4936	133
19	5314	133
19	5629	133
19	5944	133
19	6322	133
19	6637	133
19	6952	133
19	7330	133
19	7645	133
19	7960	133
19	8275	133
19	12057	100
19	12066	100
19	12085	100
19	12092	133
19	10196	200
19	10193	33
19	10194	33
219	149	133
219	569	133
219	989	133
219	1409	133
219	1829	133
219	2249	133
219	2669	133
219	3089	133
219	3509	133
219	3929	133
219	4307	133
219	4622	133
219	4937	133
219	5315	133
219	5630	133
219	5945	133
219	6323	133
219	6638	133
219	6953	133
219	7331	133
219	7646	133
219	7961	133
219	8276	133
219	12057	100
219	12066	100
219	12085	100
219	12092	133
219	10196	200
219	10193	33
219	10194	33
319	150	133
319	570	133
319	990	133
319	1410	133
319	1830	133
319	2250	133
319	2670	133
319	3090	133
319	3510	133
319	3930	133
319	4308	133
319	4623	133
319	4938	133
319	5316	133
319	5631	133
319	5946	133
319	6324	133
319	6639	133
319	6954	133
319	7332	133
319	7647	133
319	7962	133
319	8277	133
319	12057	100
319	12066	100
319	12085	100
319	12092	133
319	10196	200
319	10193	33
319	10194	33
419	151	133
419	571	133
419	991	133
419	1411	133
419	1831	133
419	2251	133
419	2671	133
419	3091	133
419	3511	133
419	3931	133
419	4309	133
419	4624	133
419	4939	133
419	5317	133
419	5632	133
419	5947	133
419	6325	133
419	6640	133
419	6955	133
419	7333	133
419	7648	133
419	7963	133
419	8278	133
419	12057	100
419	12066	100
419	12085	100
419	12092	133
419	10196	200
419	10193	33
419	10194	33
519	152	133
519	572	133
519	992	133
519	1412	133
519	1832	133
519	2252	133
519	2672	133
519	3092	133
519	3512	133
519	3932	133
519	4310	133
519	4625	133
519	4940	133
519	5318	133
519	5633	133
519	5948	133
519	6326	133
519	6641	133
519	6956	133
519	7334	133
519	7649	133
519	7964	133
519	8279	133
519	12057	100
519	12066	100
519	12085	100
519	12092	133
519	10196	200
519	10193	33
519	10194	33
619	153	133
619	573	133
619	993	133
619	1413	133
619	1833	133
619	2253	133
619	2673	133
619	3093	133
619	3513	133
619	3933	133
619	4311	133
619	4626	133
619	4941	133
619	5319	133
619	5634	133
619	5949	133
619	6327	133
619	6642	133
619	6957	133
619	7335	133
619	7650	133
619	7965	133
619	8280	133
619	11996	11
619	11997	11
619	13551	11
619	13552	11
619	10196	200
619	10193	33
619	10194	33
20	169	33
20	589	33
20	1009	22
20	1429	22
20	1849	33
20	2269	33
20	2689	22
20	3109	22
20	3529	22
20	3949	33
20	4327	33
20	4642	33
20	4957	33
20	5335	33
20	5650	33
20	5965	33
20	6343	33
20	6658	33
20	6973	33
20	7351	33
20	7666	33
20	7981	33
20	8296	33
20	10196	200
20	10193	33
20	10194	33
220	169	44
220	589	44
220	1009	22
220	1429	22
220	1849	44
220	2269	44
220	2689	22
220	3109	22
220	3529	22
220	3949	44
220	4327	44
220	4642	44
220	4957	44
220	5335	44
220	5650	44
220	5965	44
220	6343	44
220	6658	44
220	6973	44
220	7351	44
220	7666	44
220	7981	44
220	8296	44
220	10196	200
220	10193	33
220	10194	33
320	169	44
320	589	44
320	1009	33
320	1429	33
320	1849	44
320	2269	44
320	2689	33
320	3109	33
320	3529	33
320	3949	44
320	4327	44
320	4642	44
320	4957	44
320	5335	44
320	5650	44
320	5965	44
320	6343	44
320	6658	44
320	6973	44
320	7351	44
320	7666	44
320	7981	44
320	8296	44
320	10196	200
320	10193	33
320	10194	33
420	169	44
420	589	44
420	1009	33
420	1429	33
420	1849	44
420	2269	44
420	2689	33
420	3109	33
420	3529	33
420	3949	44
420	4327	44
420	4642	44
420	4957	44
420	5335	44
420	5650	44
420	5965	44
420	6343	44
420	6658	44
420	6973	44
420	7351	44
420	7666	44
420	7981	44
420	8296	44
420	10196	200
420	10193	33
420	10194	33
520	169	44
520	589	44
520	1009	33
520	1429	33
520	1849	44
520	2269	44
520	2689	33
520	3109	33
520	3529	33
520	3949	44
520	4327	44
520	4642	44
520	4957	44
520	5335	44
520	5650	44
520	5965	44
520	6343	44
520	6658	44
520	6973	44
520	7351	44
520	7666	44
520	7981	44
520	8296	44
520	10196	200
520	10193	33
520	10194	33
620	169	44
620	589	44
620	1009	33
620	1429	33
620	1849	44
620	2269	44
620	2689	33
620	3109	33
620	3529	33
620	3949	44
620	4327	44
620	4642	44
620	4957	44
620	5335	44
620	5650	44
620	5965	44
620	6343	44
620	6658	44
620	6973	44
620	7351	44
620	7666	44
620	7981	44
620	8296	44
620	11996	11
620	11997	11
620	13551	11
620	13552	11
620	10196	200
620	10193	33
620	10194	33
21	169	44
21	589	44
21	1009	33
21	1429	33
21	1849	44
21	2269	44
21	2689	33
21	3109	33
21	3529	33
21	3949	44
21	4327	44
21	4642	44
21	4957	44
21	5335	44
21	5650	44
21	5965	44
21	6343	44
21	6658	44
21	6973	44
21	7351	44
21	7666	44
21	7981	44
21	8296	44
21	12070	155
21	12094	155
21	10196	200
21	10193	33
21	10194	33
221	169	44
221	589	44
221	1009	33
221	1429	33
221	1849	44
221	2269	44
221	2689	33
221	3109	33
221	3529	33
221	3949	44
221	4327	44
221	4642	44
221	4957	44
221	5335	44
221	5650	44
221	5965	44
221	6343	44
221	6658	44
221	6973	44
221	7351	44
221	7666	44
221	7981	44
221	8296	44
221	12070	155
221	12094	155
221	10196	200
221	10193	33
221	10194	33
321	169	44
321	589	44
321	1009	33
321	1429	33
321	1849	44
321	2269	44
321	2689	33
321	3109	33
321	3529	33
321	3949	44
321	4327	44
321	4642	44
321	4957	44
321	5335	44
321	5650	44
321	5965	44
321	6343	44
321	6658	44
321	6973	44
321	7351	44
321	7666	44
321	7981	44
321	8296	44
321	12070	155
321	12094	155
321	10196	200
321	10193	33
321	10194	33
421	169	44
421	589	44
421	1009	33
421	1429	33
421	1849	44
421	2269	44
421	2689	33
421	3109	33
421	3529	33
421	3949	44
421	4327	44
421	4642	44
421	4957	44
421	5335	44
421	5650	44
421	5965	44
421	6343	44
421	6658	44
421	6973	44
421	7351	44
421	7666	44
421	7981	44
421	8296	44
421	12070	155
421	12094	155
421	10196	200
421	10193	33
421	10194	33
521	169	55
521	589	55
521	1009	33
521	1429	33
521	1849	55
521	2269	55
521	2689	33
521	3109	33
521	3529	33
521	3949	55
521	4327	55
521	4642	55
521	4957	55
521	5335	55
521	5650	55
521	5965	55
521	6343	55
521	6658	55
521	6973	55
521	7351	55
521	7666	55
521	7981	55
521	8296	55
521	12070	155
521	12094	155
521	10196	200
521	10193	33
521	10194	33
621	169	55
621	589	55
621	1009	33
621	1429	33
621	1849	55
621	2269	55
621	2689	33
621	3109	33
621	3529	33
621	3949	55
621	4327	55
621	4642	55
621	4957	55
621	5335	55
621	5650	55
621	5965	55
621	6343	55
621	6658	55
621	6973	55
621	7351	55
621	7666	55
621	7981	55
621	8296	55
621	11996	11
621	11997	11
621	12096	55
621	12072	55
621	10196	200
621	10193	33
621	10194	33
22	169	55
22	589	55
22	1009	33
22	1429	33
22	1849	55
22	2269	55
22	2689	33
22	3109	33
22	3529	33
22	3949	55
22	4327	55
22	4642	55
22	4957	55
22	5335	55
22	5650	55
22	5965	55
22	6343	55
22	6658	55
22	6973	55
22	7351	55
22	7666	55
22	7981	55
22	8296	55
22	12070	155
22	12094	155
22	12096	69
22	12072	69
22	10196	200
22	10193	33
22	10194	33
222	169	55
222	589	55
222	1009	44
222	1429	44
222	1849	55
222	2269	55
222	2689	44
222	3109	44
222	3529	44
222	3949	55
222	4327	55
222	4642	55
222	4957	55
222	5335	55
222	5650	55
222	5965	55
222	6343	55
222	6658	55
222	6973	55
222	7351	55
222	7666	55
222	7981	55
222	8296	55
222	12096	122
222	12072	122
222	12070	155
222	12094	155
222	10196	200
222	10193	33
222	10194	33
322	169	55
322	589	55
322	1009	45
322	1429	45
322	1849	55
322	2269	55
322	2689	45
322	3109	45
322	3529	45
322	3949	55
322	4327	55
322	4642	55
322	4957	55
322	5335	55
322	5650	55
322	5965	55
322	6343	55
322	6658	55
322	6973	55
322	7351	55
322	7666	55
322	7981	55
322	8296	55
322	12096	122
322	12072	122
322	12070	155
322	12094	155
322	10196	200
322	10193	33
322	10194	33
422	169	55
422	589	55
422	1009	44
422	1429	44
422	1849	55
422	2269	55
422	2689	44
422	3109	44
422	3529	44
422	3949	55
422	4327	55
422	4642	55
422	4957	55
422	5335	55
422	5650	55
422	5965	55
422	6343	55
422	6658	55
422	6973	55
422	7351	55
422	7666	55
422	7981	55
422	8296	55
422	12096	122
422	12072	122
422	12070	155
422	12094	155
422	10196	200
422	10193	33
422	10194	33
522	169	55
522	589	55
522	1009	44
522	1429	44
522	1849	55
522	2269	55
522	2689	44
522	3109	44
522	3529	44
522	3949	55
522	4327	55
522	4642	55
522	4957	55
522	5335	55
522	5650	55
522	5965	55
522	6343	55
522	6658	55
522	6973	55
522	7351	55
522	7666	55
522	7981	55
522	8296	55
522	12096	122
522	12072	122
522	12070	155
522	12094	155
522	10196	200
522	10193	33
522	10194	33
622	169	55
622	589	55
622	1009	44
622	1429	44
622	1849	55
622	2269	55
622	2689	44
622	3109	44
622	3529	44
622	3949	55
622	4327	55
622	4642	55
622	4957	55
622	5335	55
622	5650	55
622	5965	55
622	6343	55
622	6658	55
622	6973	55
622	7351	55
622	7666	55
622	7981	55
622	8296	55
622	11996	11
622	11997	11
622	12096	122
622	12072	122
622	10196	200
622	10193	33
622	10194	33
23	169	55
23	589	55
23	1009	44
23	1429	44
23	1849	55
23	2269	55
23	2689	44
23	3109	44
23	3529	44
23	3949	55
23	4327	55
23	4642	55
23	4957	55
23	5335	55
23	5650	55
23	5965	55
23	6343	55
23	6658	55
23	6973	55
23	7351	55
23	7666	55
23	7981	55
23	8296	55
23	12096	82
23	12072	82
23	12058	100
23	12086	100
23	10196	200
23	10193	33
23	10194	33
223	169	55
223	589	55
223	1009	44
223	1429	44
223	1849	55
223	2269	55
223	2689	44
223	3109	44
223	3529	44
223	3949	55
223	4327	55
223	4642	55
223	4957	55
223	5335	55
223	5650	55
223	5965	55
223	6343	55
223	6658	55
223	6973	55
223	7351	55
223	7666	55
223	7981	55
223	8296	55
223	12096	82
223	12072	82
223	12058	100
223	12086	100
223	10196	200
223	10193	33
223	10194	33
323	169	67
323	589	67
323	1009	44
323	1429	44
323	1849	67
323	2269	67
323	2689	44
323	3109	44
323	3529	44
323	3949	67
323	4327	67
323	4642	67
323	4957	67
323	5335	67
323	5650	67
323	5965	67
323	6343	67
323	6658	67
323	6973	67
323	7351	67
323	7666	67
323	7981	67
323	8296	67
323	12096	82
323	12072	82
323	12058	100
323	12086	100
323	10196	200
323	10193	33
323	10194	33
423	169	67
423	589	67
423	1009	44
423	1429	44
423	1849	67
423	2269	67
423	2689	44
423	3109	44
423	3529	44
423	3949	67
423	4327	67
423	4642	67
423	4957	67
423	5335	67
423	5650	67
423	5965	67
423	6343	67
423	6658	67
423	6973	67
423	7351	67
423	7666	67
423	7981	67
423	8296	67
423	12096	82
423	12072	82
423	12058	100
423	12086	100
423	10196	200
423	10193	33
423	10194	33
523	169	67
523	589	67
523	1009	55
523	1429	55
523	1849	67
523	2269	67
523	2689	55
523	3109	55
523	3529	55
523	3949	67
523	4327	67
523	4642	67
523	4957	67
523	5335	67
523	5650	67
523	5965	67
523	6343	67
523	6658	67
523	6973	67
523	7351	67
523	7666	67
523	7981	67
523	8296	67
523	12096	82
523	12072	82
523	12058	100
523	12086	100
523	10196	200
523	10193	33
523	10194	33
623	169	67
623	589	67
623	1009	55
623	1429	55
623	1849	67
623	2269	67
623	2689	55
623	3109	55
623	3529	55
623	3949	67
623	4327	67
623	4642	67
623	4957	67
623	5335	67
623	5650	67
623	5965	67
623	6343	67
623	6658	67
623	6973	67
623	7351	67
623	7666	67
623	7981	67
623	8296	67
623	12096	82
623	12072	82
623	11996	11
623	11997	11
623	10196	200
623	10193	33
623	10194	33
24	169	67
24	589	67
24	1009	55
24	1429	55
24	1849	67
24	2269	67
24	2689	55
24	3109	55
24	3529	55
24	3949	67
24	4327	67
24	4642	67
24	4957	67
24	5335	67
24	5650	67
24	5965	67
24	6343	67
24	6658	67
24	6973	67
24	7351	67
24	7666	67
24	7981	67
24	8296	67
24	10196	200
24	10193	33
24	10194	33
24	12096	122
24	12072	122
224	169	67
224	589	67
224	1009	55
224	1429	55
224	1849	67
224	2269	67
224	2689	55
224	3109	55
224	3529	55
224	3949	67
224	4327	67
224	4642	67
224	4957	67
224	5335	67
224	5650	67
224	5965	67
224	6343	67
224	6658	67
224	6973	67
224	7351	67
224	7666	67
224	7981	67
224	8296	67
224	12096	122
224	12072	122
224	10196	200
224	10193	33
224	10194	33
324	169	67
324	589	67
324	1009	55
324	1429	55
324	1849	67
324	2269	67
324	2689	55
324	3109	55
324	3529	55
324	3949	67
324	4327	67
324	4642	67
324	4957	67
324	5335	67
324	5650	67
324	5965	67
324	6343	67
324	6658	67
324	6973	67
324	7351	67
324	7666	67
324	7981	67
324	8296	67
324	12096	122
324	12072	122
324	10196	200
324	10193	33
324	10194	33
424	169	67
424	589	67
424	1009	55
424	1429	55
424	1849	67
424	2269	67
424	2689	55
424	3109	55
424	3529	55
424	3949	67
424	4327	67
424	4642	67
424	4957	67
424	5335	67
424	5650	67
424	5965	67
424	6343	67
424	6658	67
424	6973	67
424	7351	67
424	7666	67
424	7981	67
424	8296	67
424	12096	122
424	12072	122
424	10196	200
424	10193	33
424	10194	33
524	169	67
524	589	67
524	1009	55
524	1429	55
524	1849	67
524	2269	67
524	2689	55
524	3109	55
524	3529	55
524	3949	67
524	4327	67
524	4642	67
524	4957	67
524	5335	67
524	5650	67
524	5965	67
524	6343	67
524	6658	67
524	6973	67
524	7351	67
524	7666	67
524	7981	67
524	8296	67
524	12096	122
524	12072	122
524	10196	200
524	10193	33
524	10194	33
624	169	67
624	589	67
624	1009	55
624	1429	55
624	1849	67
624	2269	67
624	2689	55
624	3109	55
624	3529	55
624	3949	67
624	4327	67
624	4642	67
624	4957	67
624	5335	67
624	5650	67
624	5965	67
624	6343	67
624	6658	67
624	6973	67
624	11996	11
624	11997	11
624	13551	11
624	13552	11
624	12096	122
624	12072	122
624	10196	200
624	10193	33
624	10194	33
25	170	33
25	590	33
25	1010	22
25	1430	22
25	1850	22
25	2270	33
25	2690	33
25	3110	22
25	3530	22
25	3950	22
25	4328	33
25	4643	33
25	4958	33
25	5336	33
25	5651	33
25	5966	33
25	6344	33
25	6659	33
25	6974	33
25	7352	33
25	7667	33
25	7982	33
25	8297	33
25	10196	200
25	10193	33
25	10194	33
225	170	44
225	590	44
225	1010	22
225	1430	22
225	1850	22
225	2270	44
225	2690	44
225	3110	22
225	3530	22
225	3950	22
225	4328	44
225	4643	44
225	4958	44
225	5336	44
225	5651	44
225	5966	44
225	6344	44
225	6659	44
225	6974	44
225	7352	44
225	7667	44
225	7982	44
225	8297	44
225	10196	200
225	10193	33
225	10194	33
325	170	44
325	590	44
325	1010	33
325	1430	33
325	1850	33
325	2270	44
325	2690	44
325	3110	33
325	3530	33
325	3950	33
325	4328	44
325	4643	44
325	4958	44
325	5336	44
325	5651	44
325	5966	44
325	6344	44
325	6659	44
325	6974	44
325	7352	44
325	7667	44
325	7982	44
325	8297	44
325	10196	200
325	10193	33
325	10194	33
425	170	44
425	590	44
425	1010	33
425	1430	33
425	1850	33
425	2270	44
425	2690	44
425	3110	33
425	3530	33
425	3950	33
425	4328	44
425	4643	44
425	4958	44
425	5336	44
425	5651	44
425	5966	44
425	6344	44
425	6659	44
425	6974	44
425	7352	44
425	7667	44
425	7982	44
425	8297	44
425	10196	200
425	10193	33
425	10194	33
525	170	44
525	590	44
525	1010	33
525	1430	33
525	1850	33
525	2270	44
525	2690	44
525	3110	33
525	3530	33
525	3950	33
525	4328	44
525	4643	44
525	4958	44
525	5336	44
525	5651	44
525	5966	44
525	6344	44
525	6659	44
525	6974	44
525	7352	44
525	7667	44
525	7982	44
525	8297	44
525	10196	200
525	10193	33
525	10194	33
625	170	44
625	590	44
625	1010	33
625	1430	33
625	1850	33
625	2270	44
625	2690	44
625	3110	33
625	3530	33
625	3950	33
625	4328	44
625	4643	44
625	4958	44
625	5336	44
625	5651	44
625	5966	44
625	6344	44
625	6659	44
625	6974	44
625	11996	11
625	11997	11
625	13551	11
625	13552	11
625	10196	200
625	10193	33
625	10194	33
26	170	44
26	590	44
26	1010	33
26	1430	33
26	1850	33
26	2270	44
26	2690	44
26	3110	33
26	3530	33
26	3950	33
26	4328	44
26	4643	44
26	4958	44
26	5336	44
26	5651	44
26	5966	44
26	6344	44
26	6659	44
26	6974	44
26	7352	44
26	7667	44
26	7982	44
26	8297	44
26	10196	200
26	10193	33
26	10194	33
226	170	44
226	590	44
226	1010	33
226	1430	33
226	1850	33
226	2270	44
226	2690	44
226	3110	33
226	3530	33
226	3950	33
226	4328	44
226	4643	44
226	4958	44
226	5336	44
226	5651	44
226	5966	44
226	6344	44
226	6659	44
226	6974	44
226	7352	44
226	7667	44
226	7982	44
226	8297	44
226	10196	200
226	10193	33
226	10194	33
326	170	44
326	590	44
326	1010	33
326	1430	33
326	1850	33
326	2270	44
326	2690	44
326	3110	33
326	3530	33
326	3950	33
326	4328	44
326	4643	44
326	4958	44
326	5336	44
326	5651	44
326	5966	44
326	6344	44
326	6659	44
326	6974	44
326	7352	44
326	7667	44
326	7982	44
326	8297	44
326	10196	200
326	10193	33
326	10194	33
426	170	44
426	590	44
426	1010	33
426	1430	33
426	1850	33
426	2270	44
426	2690	44
426	3110	33
426	3530	33
426	3950	33
426	4328	44
426	4643	44
426	4958	44
426	5336	44
426	5651	44
426	5966	44
426	6344	44
426	6659	44
426	6974	44
426	7352	44
426	7667	44
426	7982	44
426	8297	44
426	10196	200
426	10193	33
426	10194	33
526	170	55
526	590	55
526	1010	33
526	1430	33
526	1850	33
526	2270	55
526	2690	55
526	3110	33
526	3530	33
526	3950	33
526	4328	55
526	4643	55
526	4958	55
526	5336	55
526	5651	55
526	5966	55
526	6344	55
526	6659	55
526	6974	55
526	7352	55
526	7667	55
526	7982	55
526	8297	55
526	10196	200
526	10193	33
526	10194	33
626	170	55
626	590	55
626	1010	33
626	1430	33
626	1850	33
626	2270	55
626	2690	55
626	3110	33
626	3530	33
626	3950	33
626	4328	55
626	4643	55
626	4958	55
626	5336	55
626	5651	55
626	5966	55
626	6344	55
626	6659	55
626	6974	55
626	11996	11
626	11997	11
626	13551	11
626	13552	11
626	10196	200
626	10193	33
626	10194	33
27	170	55
27	590	55
27	1010	33
27	1430	33
27	1850	33
27	2270	55
27	2690	55
27	3110	33
27	3530	33
27	3950	33
27	4328	55
27	4643	55
27	4958	55
27	5336	55
27	5651	55
27	5966	55
27	6344	55
27	6659	55
27	6974	55
27	7352	55
27	7667	55
27	7982	55
27	8297	55
27	10196	200
27	10193	33
27	10194	33
227	170	55
227	590	55
227	1010	45
227	1430	45
227	1850	45
227	2270	55
227	2690	55
227	3110	45
227	3530	45
227	3950	45
227	4328	55
227	4643	55
227	4958	55
227	5336	55
227	5651	55
227	5966	55
227	6344	55
227	6659	55
227	6974	55
227	7352	55
227	7667	55
227	7982	55
227	8297	55
227	10196	200
227	10193	33
227	10194	33
327	170	55
327	590	55
327	1010	44
327	1430	44
327	1850	44
327	2270	55
327	2690	55
327	3110	44
327	3530	44
327	3950	44
327	4328	55
327	4643	55
327	4958	55
327	5336	55
327	5651	55
327	5966	55
327	6344	55
327	6659	55
327	6974	55
327	7352	55
327	7667	55
327	7982	55
327	8297	55
327	10196	200
327	10193	33
327	10194	33
427	170	55
427	590	55
427	1010	44
427	1430	44
427	1850	44
427	2270	55
427	2690	55
427	3110	44
427	3530	44
427	3950	44
427	4328	55
427	4643	55
427	4958	55
427	5336	55
427	5651	55
427	5966	55
427	6344	55
427	6659	55
427	6974	55
427	7352	55
427	7667	55
427	7982	55
427	8297	55
427	10196	200
427	10193	33
427	10194	33
527	170	55
527	590	55
527	1010	44
527	1430	44
527	1850	44
527	2270	55
527	2690	55
527	3110	44
527	3530	44
527	3950	44
527	4328	55
527	4643	55
527	4958	55
527	5336	55
527	5651	55
527	5966	55
527	6344	55
527	6659	55
527	6974	55
527	7352	55
527	7667	55
527	7982	55
527	8297	55
527	10196	200
527	10193	33
527	10194	33
627	170	55
627	590	55
627	1010	45
627	1430	45
627	1850	45
627	2270	55
627	2690	55
627	3110	45
627	3530	45
627	3950	45
627	4328	55
627	4643	55
627	4958	55
627	5336	55
627	5651	55
627	5966	55
627	6344	55
627	6659	55
627	6974	55
627	11996	11
627	11997	11
627	13551	11
627	13552	11
627	10196	200
627	10193	33
627	10194	33
28	170	55
28	590	55
28	1010	44
28	1430	44
28	1850	44
28	2270	55
28	2690	55
28	3110	44
28	3530	44
28	3950	44
28	4328	55
28	4643	55
28	4958	55
28	5336	55
28	5651	55
28	5966	55
28	6344	55
28	6659	55
28	6974	55
28	7352	55
28	7667	55
28	7982	55
28	8297	55
28	10196	200
28	10193	33
28	10194	33
228	170	55
228	590	55
228	1010	44
228	1430	44
228	1850	44
228	2270	55
228	2690	55
228	3110	44
228	3530	44
228	3950	44
228	4328	55
228	4643	55
228	4958	55
228	5336	55
228	5651	55
228	5966	55
228	6344	55
228	6659	55
228	6974	55
228	7352	55
228	7667	55
228	7982	55
228	8297	55
228	10196	200
228	10193	33
228	10194	33
328	170	67
328	590	67
328	1010	45
328	1430	45
328	1850	45
328	2270	67
328	2690	67
328	3110	45
328	3530	45
328	3950	45
328	4328	67
328	4643	67
328	4958	67
328	5336	67
328	5651	67
328	5966	67
328	6344	67
328	6659	67
328	6974	67
328	7352	67
328	7667	67
328	7982	67
328	8297	67
328	10196	200
328	10193	33
328	10194	33
428	170	67
428	590	67
428	1010	45
428	1430	45
428	1850	45
428	2270	67
428	2690	67
428	3110	45
428	3530	45
428	3950	45
428	4328	67
428	4643	67
428	4958	67
428	5336	67
428	5651	67
428	5966	67
428	6344	67
428	6659	67
428	6974	67
428	7352	67
428	7667	67
428	7982	67
428	8297	67
428	10196	200
428	10193	33
428	10194	33
528	170	67
528	590	67
528	1010	55
528	1430	55
528	1850	55
528	2270	67
528	2690	67
528	3110	55
528	3530	55
528	3950	55
528	4328	67
528	4643	67
528	4958	67
528	5336	67
528	5651	67
528	5966	67
528	6344	67
528	6659	67
528	6974	67
528	7352	67
528	7667	67
528	7982	67
528	8297	67
528	10196	200
528	10193	33
528	10194	33
628	170	67
628	590	67
628	1010	55
628	1430	55
628	1850	55
628	2270	67
628	2690	67
628	3110	55
628	3530	55
628	3950	55
628	4328	67
628	4643	67
628	4958	67
628	5336	67
628	5651	67
628	5966	67
628	6344	67
628	6659	67
628	6974	67
628	11996	11
628	11997	11
628	13551	11
628	13552	11
628	10196	200
628	10193	33
628	10194	33
29	171	45
29	591	45
29	1011	33
29	1431	33
29	1851	33
29	2271	45
29	2691	45
29	3111	33
29	3531	33
29	3951	33
29	4329	45
29	4644	45
29	4959	45
29	5337	45
29	5652	45
29	5967	45
29	6345	45
29	6660	45
29	6975	45
29	7353	45
29	7668	45
29	7983	45
29	8298	45
29	10196	200
29	10193	33
29	10194	33
229	171	45
229	591	45
229	1011	33
229	1431	33
229	1851	33
229	2271	45
229	2691	45
229	3111	33
229	3531	33
229	3951	33
229	4329	45
229	4644	45
229	4959	45
229	5337	45
229	5652	45
229	5967	45
229	6345	45
229	6660	45
229	6975	45
229	7353	45
229	7668	45
229	7983	45
229	8298	45
229	10196	200
229	10193	33
229	10194	33
329	171	45
329	591	45
329	1011	33
329	1431	33
329	1851	33
329	2271	45
329	2691	45
329	3111	33
329	3531	33
329	3951	33
329	4329	45
329	4644	45
329	4959	45
329	5337	45
329	5652	45
329	5967	45
329	6345	45
329	6660	45
329	6975	45
329	7353	45
329	7668	45
329	7983	45
329	8298	45
329	10196	200
329	10193	33
329	10194	33
429	171	45
429	591	45
429	1011	33
429	1431	33
429	1851	33
429	2271	45
429	2691	45
429	3111	33
429	3531	33
429	3951	33
429	4329	45
429	4644	45
429	4959	45
429	5337	45
429	5652	45
429	5967	45
429	6345	45
429	6660	45
429	6975	45
429	7353	45
429	7668	45
429	7983	45
429	8298	45
429	10196	200
429	10193	33
429	10194	33
529	171	55
529	591	55
529	1011	33
529	1431	33
529	1851	33
529	2271	55
529	2691	55
529	3111	33
529	3531	33
529	3951	33
529	4329	55
529	4644	55
529	4959	55
529	5337	55
529	5652	55
529	5967	55
529	6345	55
529	6660	55
529	6975	55
529	7353	55
529	7668	55
529	7983	55
529	8298	55
529	10196	200
529	10193	33
529	10194	33
629	171	55
629	591	55
629	1011	33
629	1431	33
629	1851	33
629	2271	55
629	2691	55
629	3111	33
629	3531	33
629	3951	33
629	4329	55
629	4644	55
629	4959	55
629	5337	55
629	5652	55
629	5967	55
629	6345	55
629	6660	55
629	6975	55
629	11996	11
629	11997	11
629	13551	11
629	13552	11
629	10196	200
629	10193	33
629	10194	33
30	169	111
30	589	111
30	1009	111
30	1429	111
30	1849	111
30	2269	111
30	2689	111
30	3109	111
30	3529	111
30	3949	111
30	4327	111
30	4642	111
30	4957	111
30	5335	111
30	5650	111
30	5965	111
30	6343	111
30	6658	111
30	6973	111
30	11996	33
30	11997	33
30	13551	33
30	13552	33
30	10196	200
30	10193	67
30	10194	67
31	173	55
31	593	55
31	1013	33
31	1433	33
31	1853	33
31	2273	55
31	2693	55
31	3113	33
31	3533	33
31	3953	33
31	4331	55
31	4646	55
31	4961	55
31	5339	55
31	5654	55
31	5969	55
31	6347	55
31	6662	55
31	6977	55
31	7355	55
31	7670	55
31	7985	55
31	8300	55
31	10398	22
31	10399	22
31	10401	11
31	10402	11
31	10403	22
31	10409	11
31	10410	11
31	10415	11
31	10416	22
31	10419	11
31	10424	33
31	10425	22
31	10426	22
31	10427	33
31	10428	22
31	10429	22
31	10431	22
31	10196	333
31	10193	55
31	10194	55
231	173	55
231	593	55
231	1013	33
231	1433	33
231	1853	33
231	2273	55
231	2693	55
231	3113	33
231	3533	33
231	3953	33
231	4331	55
231	4646	55
231	4961	55
231	5339	55
231	5654	55
231	5969	55
231	6347	55
231	6662	55
231	6977	55
231	7355	55
231	7670	55
231	7985	55
231	8300	55
231	10398	22
231	10399	22
231	10401	11
231	10402	11
231	10403	22
231	10409	11
231	10410	11
231	10415	11
231	10416	22
231	10419	11
231	10424	33
231	10425	22
231	10426	22
231	10427	33
231	10428	22
231	10429	22
231	10431	22
231	10196	333
231	10193	55
231	10194	55
331	173	55
331	593	55
331	1013	33
331	1433	33
331	1853	33
331	2273	55
331	2693	55
331	3113	33
331	3533	33
331	3953	33
331	4331	55
331	4646	55
331	4961	55
331	5339	55
331	5654	55
331	5969	55
331	6347	55
331	6662	55
331	6977	55
331	7355	55
331	7670	55
331	7985	55
331	8300	55
331	10398	22
331	10399	22
331	10401	11
331	10402	11
331	10403	22
331	10409	11
331	10410	11
331	10415	11
331	10416	22
331	10419	11
331	10424	33
331	10425	22
331	10426	22
331	10427	33
331	10428	22
331	10429	22
331	10431	22
331	10196	333
331	10193	55
331	10194	55
431	173	55
431	593	55
431	1013	33
431	1433	33
431	1853	33
431	2273	55
431	2693	55
431	3113	33
431	3533	33
431	3953	33
431	4331	55
431	4646	55
431	4961	55
431	5339	55
431	5654	55
431	5969	55
431	6347	55
431	6662	55
431	6977	55
431	7355	55
431	7670	55
431	7985	55
431	8300	55
431	10398	22
431	10399	22
431	10401	11
431	10402	11
431	10403	22
431	10409	11
431	10410	11
431	10415	11
431	10416	22
431	10419	11
431	10424	33
431	10425	22
431	10426	22
431	10427	33
431	10428	22
431	10429	22
431	10431	22
431	10196	333
431	10193	55
431	10194	55
531	173	55
531	593	55
531	1013	33
531	1433	33
531	1853	33
531	2273	55
531	2693	55
531	3113	33
531	3533	33
531	3953	33
531	4331	55
531	4646	55
531	4961	55
531	5339	55
531	5654	55
531	5969	55
531	6347	55
531	6662	55
531	6977	55
531	7355	55
531	7670	55
531	7985	55
531	8300	55
531	10398	22
531	10399	22
531	10401	11
531	10402	11
531	10403	22
531	10409	11
531	10410	11
531	10415	11
531	10416	22
531	10419	11
531	10424	33
531	10425	22
531	10426	22
531	10427	33
531	10428	22
531	10429	22
531	10431	22
531	10196	333
531	10193	55
531	10194	55
631	173	55
631	593	55
631	1013	33
631	1433	33
631	1853	33
631	2273	55
631	2693	55
631	3113	33
631	3533	33
631	3953	33
631	4331	55
631	4646	55
631	4961	55
631	5339	55
631	5654	55
631	5969	55
631	6347	55
631	6662	55
631	6977	55
631	7355	55
631	11996	11
631	11997	11
631	13551	11
631	13552	11
631	10398	22
631	10399	22
631	10401	11
631	10402	11
631	10403	22
631	10409	11
631	10410	11
631	10415	11
631	10416	22
631	10419	11
631	10424	33
631	10425	22
631	10426	22
631	10427	33
631	10428	22
631	10429	22
631	10431	22
631	10196	333
631	10193	55
631	10194	55
32	173	67
32	593	67
32	1013	45
32	1433	45
32	1853	45
32	2273	67
32	2693	67
32	3113	45
32	3533	45
32	3953	45
32	4331	67
32	4646	67
32	4961	67
32	5339	67
32	5654	67
32	5969	67
32	6347	67
32	6662	67
32	6977	67
32	7355	67
32	7670	67
32	7985	67
32	8300	67
32	10398	22
32	10399	22
32	10401	11
32	10402	11
32	10403	22
32	10409	11
32	10410	11
32	10415	11
32	10416	22
32	10419	11
32	10424	33
32	10425	22
32	10426	22
32	10427	33
32	10428	22
32	10429	22
32	10431	22
32	10196	333
32	10193	55
32	10194	55
232	173	67
232	593	67
232	1013	45
232	1433	45
232	1853	45
232	2273	67
232	2693	67
232	3113	45
232	3533	45
232	3953	45
232	4331	67
232	4646	67
232	4961	67
232	5339	67
232	5654	67
232	5969	67
232	6347	67
232	6662	67
232	6977	67
232	7355	67
232	7670	67
232	7985	67
232	8300	67
232	10398	22
232	10399	22
232	10401	11
232	10402	11
232	10403	22
232	10409	11
232	10410	11
232	10415	11
232	10416	22
232	10419	11
232	10424	33
232	10425	22
232	10426	22
232	10427	33
232	10428	22
232	10429	22
232	10431	22
232	10196	333
232	10193	55
232	10194	55
332	173	67
332	593	67
332	1013	45
332	1433	45
332	1853	45
332	2273	67
332	2693	67
332	3113	45
332	3533	45
332	3953	45
332	4331	67
332	4646	67
332	4961	67
332	5339	67
332	5654	67
332	5969	67
332	6347	67
332	6662	67
332	6977	67
332	7355	67
332	7670	67
332	7985	67
332	8300	67
332	10398	22
332	10399	22
332	10401	11
332	10402	11
332	10403	22
332	10409	11
332	10410	11
332	10415	11
332	10416	22
332	10419	11
332	10424	33
332	10425	22
332	10426	22
332	10427	33
332	10428	22
332	10429	22
332	10431	22
332	10196	333
332	10193	55
332	10194	55
432	173	67
432	593	67
432	1013	45
432	1433	45
432	1853	45
432	2273	67
432	2693	67
432	3113	45
432	3533	45
432	3953	45
432	4331	67
432	4646	67
432	4961	67
432	5339	67
432	5654	67
432	5969	67
432	6347	67
432	6662	67
432	6977	67
432	7355	67
432	7670	67
432	7985	67
432	8300	67
432	10398	22
432	10399	22
432	10401	11
432	10402	11
432	10403	22
432	10409	11
432	10410	11
432	10415	11
432	10416	22
432	10419	11
432	10424	33
432	10425	22
432	10426	22
432	10427	33
432	10428	22
432	10429	22
432	10431	22
432	10196	333
432	10193	55
432	10194	55
532	173	67
532	593	67
532	1013	45
532	1433	45
532	1853	45
532	2273	67
532	2693	67
532	3113	45
532	3533	45
532	3953	45
532	4331	67
532	4646	67
532	4961	67
532	5339	67
532	5654	67
532	5969	67
532	6347	67
532	6662	67
532	6977	67
532	7355	67
532	7670	67
532	7985	67
532	8300	67
532	10398	22
532	10399	22
532	10401	11
532	10402	11
532	10403	22
532	10409	11
532	10410	11
532	10415	11
532	10416	22
532	10419	11
532	10424	33
532	10425	22
532	10426	22
532	10427	33
532	10428	22
532	10429	22
532	10431	22
532	10196	333
532	10193	55
532	10194	55
632	173	67
632	593	67
632	1013	45
632	1433	45
632	1853	45
632	2273	67
632	2693	67
632	3113	45
632	3533	45
632	3953	45
632	4331	67
632	4646	67
632	4961	67
632	5339	67
632	5654	67
632	5969	67
632	6347	67
632	6662	67
632	6977	67
632	11996	11
632	11997	11
632	13551	11
632	13552	11
632	10398	22
632	10399	22
632	10401	11
632	10402	11
632	10403	22
632	10409	11
632	10410	11
632	10415	11
632	10416	22
632	10419	11
632	10424	33
632	10425	22
632	10426	22
632	10427	33
632	10428	22
632	10429	22
632	10431	22
632	10196	333
632	10193	55
632	10194	55
33	173	78
33	593	78
33	1013	55
33	1433	55
33	1853	55
33	2273	78
33	2693	78
33	3113	55
33	3533	55
33	3953	55
33	4331	78
33	4646	78
33	4961	78
33	5339	78
33	5654	78
33	5969	78
33	6347	78
33	6662	78
33	6977	78
33	7355	78
33	7670	78
33	7985	78
33	8300	78
33	10398	22
33	10399	22
33	10401	11
33	10402	11
33	10403	22
33	10409	11
33	10410	11
33	10415	11
33	10416	22
33	10419	11
33	10424	33
33	10425	22
33	10426	22
33	10427	33
33	10428	22
33	10429	22
33	10431	22
33	10196	333
33	10193	55
33	10194	55
233	173	78
233	593	78
233	1013	55
233	1433	55
233	1853	55
233	2273	78
233	2693	78
233	3113	55
233	3533	55
233	3953	55
233	4331	78
233	4646	78
233	4961	78
233	5339	78
233	5654	78
233	5969	78
233	6347	78
233	6662	78
233	6977	78
233	7355	78
233	7670	78
233	7985	78
233	8300	78
233	10398	22
233	10399	22
233	10401	11
233	10402	11
233	10403	22
233	10409	11
233	10410	11
233	10415	11
233	10416	22
233	10419	11
233	10424	33
233	10425	22
233	10426	22
233	10427	33
233	10428	22
233	10429	22
233	10431	22
233	10196	333
233	10193	55
233	10194	55
333	173	78
333	593	78
333	1013	55
333	1433	55
333	1853	55
333	2273	78
333	2693	78
333	3113	55
333	3533	55
333	3953	55
333	4331	78
333	4646	78
333	4961	78
333	5339	78
333	5654	78
333	5969	78
333	6347	78
333	6662	78
333	6977	78
333	7355	78
333	7670	78
333	7985	78
333	8300	78
333	10398	22
333	10399	22
333	10401	11
333	10402	11
333	10403	22
333	10409	11
333	10410	11
333	10415	11
333	10416	22
333	10419	11
333	10424	33
333	10425	22
333	10426	22
333	10427	33
333	10428	22
333	10429	22
333	10431	22
333	10196	333
333	10193	55
333	10194	55
433	173	78
433	593	78
433	1013	55
433	1433	55
433	1853	55
433	2273	78
433	2693	78
433	3113	55
433	3533	55
433	3953	55
433	4331	78
433	4646	78
433	4961	78
433	5339	78
433	5654	78
433	5969	78
433	6347	78
433	6662	78
433	6977	78
433	7355	78
433	7670	78
433	7985	78
433	8300	78
433	10398	22
433	10399	22
433	10401	11
433	10402	11
433	10403	22
433	10409	11
433	10410	11
433	10415	11
433	10416	22
433	10419	11
433	10424	33
433	10425	22
433	10426	22
433	10427	33
433	10428	22
433	10429	22
433	10431	22
433	10196	333
433	10193	55
433	10194	55
533	173	78
533	593	78
533	1013	55
533	1433	55
533	1853	55
533	2273	78
533	2693	78
533	3113	55
533	3533	55
533	3953	55
533	4331	78
533	4646	78
533	4961	78
533	5339	78
533	5654	78
533	5969	78
533	6347	78
533	6662	78
533	6977	78
533	7355	78
533	7670	78
533	7985	78
533	8300	78
533	10398	22
533	10399	22
533	10401	11
533	10402	11
533	10403	22
533	10409	11
533	10410	11
533	10415	11
533	10416	22
533	10419	11
533	10424	33
533	10425	22
533	10426	22
533	10427	33
533	10428	22
533	10429	22
533	10431	22
533	10196	333
533	10193	55
533	10194	55
633	173	78
633	593	78
633	1013	55
633	1433	55
633	1853	55
633	2273	78
633	2693	78
633	3113	55
633	3533	55
633	3953	55
633	4331	78
633	4646	78
633	4961	78
633	5339	78
633	5654	78
633	5969	78
633	6347	78
633	6662	78
633	6977	78
633	11996	22
633	11997	22
633	13551	22
633	13552	22
633	10398	22
633	10399	22
633	10401	11
633	10402	11
633	10403	22
633	10409	11
633	10410	11
633	10415	11
633	10416	22
633	10419	11
633	10424	33
633	10425	22
633	10426	22
633	10427	33
633	10428	22
633	10429	22
633	10431	22
633	10196	333
633	10193	55
633	10194	55
34	170	67
34	590	67
34	1010	55
34	1430	55
34	1850	55
34	2270	67
34	2690	67
34	3110	55
34	3530	55
34	3950	55
34	4328	67
34	4643	67
34	4958	67
34	5336	67
34	5651	67
34	5966	67
34	6344	67
34	6659	67
34	6974	67
34	7352	67
34	7667	67
34	7982	67
34	8297	67
34	10196	200
34	10193	33
34	10194	33
234	170	67
234	590	67
234	1010	55
234	1430	55
234	1850	55
234	2270	67
234	2690	67
234	3110	55
234	3530	55
234	3950	55
234	4328	67
234	4643	67
234	4958	67
234	5336	67
234	5651	67
234	5966	67
234	6344	67
234	6659	67
234	6974	67
234	7352	67
234	7667	67
234	7982	67
234	8297	67
234	10196	200
234	10193	33
234	10194	33
334	170	67
334	590	67
334	1010	55
334	1430	55
334	1850	55
334	2270	67
334	2690	67
334	3110	55
334	3530	55
334	3950	55
334	4328	67
334	4643	67
334	4958	67
334	5336	67
334	5651	67
334	5966	67
334	6344	67
334	6659	67
334	6974	67
334	7352	67
334	7667	67
334	7982	67
334	8297	67
334	10196	200
334	10193	33
334	10194	33
434	170	67
434	590	67
434	1010	55
434	1430	55
434	1850	55
434	2270	67
434	2690	67
434	3110	55
434	3530	55
434	3950	55
434	4328	67
434	4643	67
434	4958	67
434	5336	67
434	5651	67
434	5966	67
434	6344	67
434	6659	67
434	6974	67
434	7352	67
434	7667	67
434	7982	67
434	8297	67
434	10196	200
434	10193	33
434	10194	33
534	170	67
534	590	67
534	1010	55
534	1430	55
534	1850	55
534	2270	67
534	2690	67
534	3110	55
534	3530	55
534	3950	55
534	4328	67
534	4643	67
534	4958	67
534	5336	67
534	5651	67
534	5966	67
534	6344	67
534	6659	67
534	6974	67
534	7352	67
534	7667	67
534	7982	67
534	8297	67
534	10196	200
534	10193	33
534	10194	33
634	170	67
634	590	67
634	1010	55
634	1430	55
634	1850	55
634	2270	67
634	2690	67
634	3110	55
634	3530	55
634	3950	55
634	4328	67
634	4643	67
634	4958	67
634	5336	67
634	5651	67
634	5966	67
634	6344	67
634	6659	67
634	6974	67
634	11996	22
634	11997	22
634	13551	22
634	13552	22
634	10196	200
634	10193	33
634	10194	33
35	171	55
35	591	55
35	1011	33
35	1431	33
35	1851	33
35	2271	55
35	2691	55
35	3111	33
35	3531	33
35	3951	33
35	4329	55
35	4644	55
35	4959	55
35	5337	55
35	5652	55
35	5967	55
35	6345	55
35	6660	55
35	6975	55
35	7353	55
35	7668	55
35	7983	55
35	8298	55
35	10196	200
35	10193	33
35	10194	33
235	171	55
235	591	55
235	1011	45
235	1431	45
235	1851	45
235	2271	55
235	2691	55
235	3111	45
235	3531	45
235	3951	45
235	4329	55
235	4644	55
235	4959	55
235	5337	55
235	5652	55
235	5967	55
235	6345	55
235	6660	55
235	6975	55
235	7353	55
235	7668	55
235	7983	55
235	8298	55
235	10196	200
235	10193	33
235	10194	33
335	171	55
335	591	55
335	1011	45
335	1431	45
335	1851	45
335	2271	55
335	2691	55
335	3111	45
335	3531	45
335	3951	45
335	4329	55
335	4644	55
335	4959	55
335	5337	55
335	5652	55
335	5967	55
335	6345	55
335	6660	55
335	6975	55
335	7353	55
335	7668	55
335	7983	55
335	8298	55
335	10196	200
335	10193	33
335	10194	33
435	171	55
435	591	55
435	1011	45
435	1431	45
435	1851	45
435	2271	55
435	2691	55
435	3111	45
435	3531	45
435	3951	45
435	4329	55
435	4644	55
435	4959	55
435	5337	55
435	5652	55
435	5967	55
435	6345	55
435	6660	55
435	6975	55
435	7353	55
435	7668	55
435	7983	55
435	8298	55
435	10196	200
435	10193	33
435	10194	33
535	171	55
535	591	55
535	1011	45
535	1431	45
535	1851	45
535	2271	55
535	2691	55
535	3111	45
535	3531	45
535	3951	45
535	4329	55
535	4644	55
535	4959	55
535	5337	55
535	5652	55
535	5967	55
535	6345	55
535	6660	55
535	6975	55
535	7353	55
535	7668	55
535	7983	55
535	8298	55
535	10196	200
535	10193	33
535	10194	33
635	171	55
635	591	55
635	1011	45
635	1431	45
635	1851	45
635	2271	55
635	2691	55
635	3111	45
635	3531	45
635	3951	45
635	4329	55
635	4644	55
635	4959	55
635	5337	55
635	5652	55
635	5967	55
635	6345	55
635	6660	55
635	6975	55
635	11996	11
635	11997	11
635	13551	11
635	13552	11
635	10196	200
635	10193	33
635	10194	33
36	171	33
36	591	33
36	1011	22
36	1431	22
36	1851	22
36	2271	33
36	2691	33
36	3111	22
36	3531	22
36	3951	22
36	4329	33
36	4644	33
36	4959	33
36	5337	33
36	5652	33
36	5967	33
36	6345	33
36	6660	33
36	6975	33
36	7353	33
36	7668	33
36	7983	33
36	8298	33
36	10196	200
36	10193	33
36	10194	33
236	171	45
236	591	45
236	1011	22
236	1431	22
236	1851	22
236	2271	45
236	2691	45
236	3111	22
236	3531	22
236	3951	22
236	4329	45
236	4644	45
236	4959	45
236	5337	45
236	5652	45
236	5967	45
236	6345	45
236	6660	45
236	6975	45
236	7353	45
236	7668	45
236	7983	45
236	8298	45
236	10196	200
236	10193	33
236	10194	33
336	171	45
336	591	45
336	1011	33
336	1431	33
336	1851	33
336	2271	45
336	2691	45
336	3111	33
336	3531	33
336	3951	33
336	4329	45
336	4644	45
336	4959	45
336	5337	45
336	5652	45
336	5967	45
336	6345	45
336	6660	45
336	6975	45
336	7353	45
336	7668	45
336	7983	45
336	8298	45
336	10196	200
336	10193	33
336	10194	33
436	171	45
436	591	45
436	1011	33
436	1431	33
436	1851	33
436	2271	45
436	2691	45
436	3111	33
436	3531	33
436	3951	33
436	4329	45
436	4644	45
436	4959	45
436	5337	45
436	5652	45
436	5967	45
436	6345	45
436	6660	45
436	6975	45
436	7353	45
436	7668	45
436	7983	45
436	8298	45
436	10196	200
436	10193	33
436	10194	33
536	171	45
536	591	45
536	1011	33
536	1431	33
536	1851	33
536	2271	45
536	2691	45
536	3111	33
536	3531	33
536	3951	33
536	4329	45
536	4644	45
536	4959	45
536	5337	45
536	5652	45
536	5967	45
536	6345	45
536	6660	45
536	6975	45
536	7353	45
536	7668	45
536	7983	45
536	8298	45
536	10196	200
536	10193	33
536	10194	33
636	171	45
636	591	45
636	1011	33
636	1431	33
636	1851	33
636	2271	45
636	2691	45
636	3111	33
636	3531	33
636	3951	33
636	4329	45
636	4644	45
636	4959	45
636	5337	45
636	5652	45
636	5967	45
636	6345	45
636	6660	45
636	6975	45
636	11996	11
636	11997	11
636	13551	11
636	13552	11
636	10196	200
636	10193	33
636	10194	33
37	171	67
37	591	67
37	1011	55
37	1431	55
37	1851	55
37	2271	67
37	2691	67
37	3111	55
37	3531	55
37	3951	55
37	4329	67
37	4644	67
37	4959	67
37	5337	67
37	5652	67
37	5967	67
37	6345	67
37	6660	67
37	6975	67
37	7353	67
37	7668	67
37	7983	67
37	8298	67
37	10196	200
37	10193	33
37	10194	33
237	171	67
237	591	67
237	1011	55
237	1431	55
237	1851	55
237	2271	67
237	2691	67
237	3111	55
237	3531	55
237	3951	55
237	4329	67
237	4644	67
237	4959	67
237	5337	67
237	5652	67
237	5967	67
237	6345	67
237	6660	67
237	6975	67
237	7353	67
237	7668	67
237	7983	67
237	8298	67
237	10196	200
237	10193	33
237	10194	33
337	171	67
337	591	67
337	1011	55
337	1431	55
337	1851	55
337	2271	67
337	2691	67
337	3111	55
337	3531	55
337	3951	55
337	4329	67
337	4644	67
337	4959	67
337	5337	67
337	5652	67
337	5967	67
337	6345	67
337	6660	67
337	6975	67
337	7353	67
337	7668	67
337	7983	67
337	8298	67
337	10196	200
337	10193	33
337	10194	33
437	171	67
437	591	67
437	1011	55
437	1431	55
437	1851	55
437	2271	67
437	2691	67
437	3111	55
437	3531	55
437	3951	55
437	4329	67
437	4644	67
437	4959	67
437	5337	67
437	5652	67
437	5967	67
437	6345	67
437	6660	67
437	6975	67
437	7353	67
437	7668	67
437	7983	67
437	8298	67
437	10196	200
437	10193	33
437	10194	33
537	171	67
537	591	67
537	1011	55
537	1431	55
537	1851	55
537	2271	67
537	2691	67
537	3111	55
537	3531	55
537	3951	55
537	4329	67
537	4644	67
537	4959	67
537	5337	67
537	5652	67
537	5967	67
537	6345	67
537	6660	67
537	6975	67
537	7353	67
537	7668	67
537	7983	67
537	8298	67
537	10196	200
537	10193	33
537	10194	33
637	171	67
637	591	67
637	1011	55
637	1431	55
637	1851	55
637	2271	67
637	2691	67
637	3111	55
637	3531	55
637	3951	55
637	4329	67
637	4644	67
637	4959	67
637	5337	67
637	5652	67
637	5967	67
637	6345	67
637	6660	67
637	6975	67
637	11996	22
637	11997	22
637	13551	22
637	13552	22
637	10196	200
637	10193	33
637	10194	33
38	172	33
38	592	33
38	1012	22
38	1432	22
38	1852	22
38	2272	33
38	2692	33
38	3112	22
38	3532	22
38	3952	22
38	4330	33
38	4645	33
38	4960	33
38	5338	33
38	5653	33
38	5968	33
38	6346	33
38	6661	33
38	6976	33
38	7354	33
38	7669	33
38	7984	33
38	8299	33
38	10196	200
38	10193	33
38	10194	33
238	172	45
238	592	45
238	1012	22
238	1432	22
238	1852	22
238	2272	45
238	2692	45
238	3112	22
238	3532	22
238	3952	22
238	4330	45
238	4645	45
238	4960	45
238	5338	45
238	5653	45
238	5968	45
238	6346	45
238	6661	45
238	6976	45
238	7354	45
238	7669	45
238	7984	45
238	8299	45
238	10196	200
238	10193	33
238	10194	33
338	172	45
338	592	45
338	1012	33
338	1432	33
338	1852	33
338	2272	45
338	2692	45
338	3112	33
338	3532	33
338	3952	33
338	4330	45
338	4645	45
338	4960	45
338	5338	45
338	5653	45
338	5968	45
338	6346	45
338	6661	45
338	6976	45
338	7354	45
338	7669	45
338	7984	45
338	8299	45
338	10196	200
338	10193	33
338	10194	33
438	172	45
438	592	45
438	1012	33
438	1432	33
438	1852	33
438	2272	45
438	2692	45
438	3112	33
438	3532	33
438	3952	33
438	4330	45
438	4645	45
438	4960	45
438	5338	45
438	5653	45
438	5968	45
438	6346	45
438	6661	45
438	6976	45
438	7354	45
438	7669	45
438	7984	45
438	8299	45
438	10196	200
438	10193	33
438	10194	33
538	172	45
538	592	45
538	1012	33
538	1432	33
538	1852	33
538	2272	45
538	2692	45
538	3112	33
538	3532	33
538	3952	33
538	4330	45
538	4645	45
538	4960	45
538	5338	45
538	5653	45
538	5968	45
538	6346	45
538	6661	45
538	6976	45
538	7354	45
538	7669	45
538	7984	45
538	8299	45
538	10196	200
538	10193	33
538	10194	33
638	172	45
638	592	45
638	1012	33
638	1432	33
638	1852	33
638	2272	45
638	2692	45
638	3112	33
638	3532	33
638	3952	33
638	4330	45
638	4645	45
638	4960	45
638	5338	45
638	5653	45
638	5968	45
638	6346	45
638	6661	45
638	6976	45
638	11996	22
638	11997	22
638	13551	22
638	13552	22
638	10196	200
638	10193	33
638	10194	33
39	173	89
39	593	89
39	1013	67
39	1433	67
39	1853	67
39	2273	89
39	2693	89
39	3113	67
39	3533	67
39	3953	67
39	4331	89
39	4646	89
39	4961	89
39	5339	89
39	5654	89
39	5969	89
39	6347	89
39	6662	89
39	6977	89
39	7355	89
39	7670	89
39	7985	89
39	8300	89
39	10398	22
39	10399	22
39	10401	11
39	10402	11
39	10403	22
39	10409	11
39	10410	11
39	10415	11
39	10416	22
39	10419	11
39	10424	33
39	10425	22
39	10426	22
39	10427	33
39	10428	22
39	10429	22
39	10431	22
39	10196	333
39	10193	55
39	10194	55
239	173	89
239	593	89
239	1013	67
239	1433	67
239	1853	67
239	2273	89
239	2693	89
239	3113	67
239	3533	67
239	3953	67
239	4331	89
239	4646	89
239	4961	89
239	5339	89
239	5654	89
239	5969	89
239	6347	89
239	6662	89
239	6977	89
239	7355	89
239	7670	89
239	7985	89
239	8300	89
239	10398	22
239	10399	22
239	10401	11
239	10402	11
239	10403	22
239	10409	11
239	10410	11
239	10415	11
239	10416	22
239	10419	11
239	10424	33
239	10425	22
239	10426	22
239	10427	33
239	10428	22
239	10429	22
239	10431	22
239	10196	333
239	10193	55
239	10194	55
339	173	89
339	593	89
339	1013	67
339	1433	67
339	1853	67
339	2273	89
339	2693	89
339	3113	67
339	3533	67
339	3953	67
339	4331	89
339	4646	89
339	4961	89
339	5339	89
339	5654	89
339	5969	89
339	6347	89
339	6662	89
339	6977	89
339	7355	89
339	7670	89
339	7985	89
339	8300	89
339	10398	22
339	10399	22
339	10401	11
339	10402	11
339	10403	22
339	10409	11
339	10410	11
339	10415	11
339	10416	22
339	10419	11
339	10424	33
339	10425	22
339	10426	22
339	10427	33
339	10428	22
339	10429	22
339	10431	22
339	10196	333
339	10193	55
339	10194	55
439	173	89
439	593	89
439	1013	67
439	1433	67
439	1853	67
439	2273	89
439	2693	89
439	3113	67
439	3533	67
439	3953	67
439	4331	89
439	4646	89
439	4961	89
439	5339	89
439	5654	89
439	5969	89
439	6347	89
439	6662	89
439	6977	89
439	7355	89
439	7670	89
439	7985	89
439	8300	89
439	10398	22
439	10399	22
439	10401	11
439	10402	11
439	10403	22
439	10409	11
439	10410	11
439	10415	11
439	10416	22
439	10419	11
439	10424	33
439	10425	22
439	10426	22
439	10427	33
439	10428	22
439	10429	22
439	10431	22
439	10196	333
439	10193	55
439	10194	55
539	173	89
539	593	89
539	1013	67
539	1433	67
539	1853	67
539	2273	89
539	2693	89
539	3113	67
539	3533	67
539	3953	67
539	4331	89
539	4646	89
539	4961	89
539	5339	89
539	5654	89
539	5969	89
539	6347	89
539	6662	89
539	6977	89
539	7355	89
539	7670	89
539	7985	89
539	8300	89
539	10398	22
539	10399	22
539	10401	11
539	10402	11
539	10403	22
539	10409	11
539	10410	11
539	10415	11
539	10416	22
539	10419	11
539	10424	33
539	10425	22
539	10426	22
539	10427	33
539	10428	22
539	10429	22
539	10431	22
539	10196	333
539	10193	55
539	10194	55
639	173	89
639	593	89
639	1013	67
639	1433	67
639	1853	67
639	2273	89
639	2693	89
639	3113	67
639	3533	67
639	3953	67
639	4331	89
639	4646	89
639	4961	89
639	5339	89
639	5654	89
639	5969	89
639	6347	89
639	6662	89
639	6977	89
639	11996	22
639	11997	22
639	13551	22
639	13552	22
639	10398	22
639	10399	22
639	10401	11
639	10402	11
639	10403	22
639	10409	11
639	10410	11
639	10415	11
639	10416	22
639	10419	11
639	10424	33
639	10425	22
639	10426	22
639	10427	33
639	10428	22
639	10429	22
639	10431	22
639	10196	333
639	10193	55
639	10194	55
40	173	100
40	593	100
40	1013	78
40	1433	78
40	1853	78
40	2273	100
40	2693	100
40	3113	78
40	3533	78
40	3953	78
40	4331	100
40	4646	100
40	4961	100
40	5339	100
40	5654	100
40	5969	100
40	6347	100
40	6662	100
40	6977	100
40	7355	100
40	7670	100
40	7985	100
40	8300	100
40	10398	22
40	10399	22
40	10401	11
40	10402	11
40	10403	22
40	10409	11
40	10410	11
40	10415	11
40	10416	22
40	10419	11
40	10424	33
40	10425	22
40	10426	22
40	10427	33
40	10428	22
40	10429	22
40	10431	22
40	10196	333
40	10193	55
40	10194	55
240	173	100
240	593	100
240	1013	78
240	1433	78
240	1853	78
240	2273	100
240	2693	100
240	3113	78
240	3533	78
240	3953	78
240	4331	100
240	4646	100
240	4961	100
240	5339	100
240	5654	100
240	5969	100
240	6347	100
240	6662	100
240	6977	100
240	7355	100
240	7670	100
240	7985	100
240	8300	100
240	10398	22
240	10399	22
240	10401	11
240	10402	11
240	10403	22
240	10409	11
240	10410	11
240	10415	11
240	10416	22
240	10419	11
240	10424	33
240	10425	22
240	10426	22
240	10427	33
240	10428	22
240	10429	22
240	10431	22
240	10196	333
240	10193	55
240	10194	55
340	173	100
340	593	100
340	1013	78
340	1433	78
340	1853	78
340	2273	100
340	2693	100
340	3113	78
340	3533	78
340	3953	78
340	4331	100
340	4646	100
340	4961	100
340	5339	100
340	5654	100
340	5969	100
340	6347	100
340	6662	100
340	6977	100
340	7355	100
340	7670	100
340	7985	100
340	8300	100
340	10398	22
340	10399	22
340	10401	11
340	10402	11
340	10403	22
340	10409	11
340	10410	11
340	10415	11
340	10416	22
340	10419	11
340	10424	33
340	10425	22
340	10426	22
340	10427	33
340	10428	22
340	10429	22
340	10431	22
340	10196	333
340	10193	55
340	10194	55
440	173	100
440	593	100
440	1013	78
440	1433	78
440	1853	78
440	2273	100
440	2693	100
440	3113	78
440	3533	78
440	3953	78
440	4331	100
440	4646	100
440	4961	100
440	5339	100
440	5654	100
440	5969	100
440	6347	100
440	6662	100
440	6977	100
440	7355	100
440	7670	100
440	7985	100
440	8300	100
440	10398	22
440	10399	22
440	10401	11
440	10402	11
440	10403	22
440	10409	11
440	10410	11
440	10415	11
440	10416	22
440	10419	11
440	10424	33
440	10425	22
440	10426	22
440	10427	33
440	10428	22
440	10429	22
440	10431	22
440	10196	333
440	10193	55
440	10194	55
540	173	100
540	593	100
540	1013	78
540	1433	78
540	1853	78
540	2273	100
540	2693	100
540	3113	78
540	3533	78
540	3953	78
540	4331	100
540	4646	100
540	4961	100
540	5339	100
540	5654	100
540	5969	100
540	6347	100
540	6662	100
540	6977	100
540	7355	100
540	7670	100
540	7985	100
540	8300	100
540	10398	22
540	10399	22
540	10401	11
540	10402	11
540	10403	22
540	10409	11
540	10410	11
540	10415	11
540	10416	22
540	10419	11
540	10424	33
540	10425	22
540	10426	22
540	10427	33
540	10428	22
540	10429	22
540	10431	22
540	10196	333
540	10193	55
540	10194	55
640	173	100
640	593	100
640	1013	78
640	1433	78
640	1853	78
640	2273	100
640	2693	100
640	3113	78
640	3533	78
640	3953	78
640	4331	100
640	4646	100
640	4961	100
640	5339	100
640	5654	100
640	5969	100
640	6347	100
640	6662	100
640	6977	100
640	11996	22
640	11997	22
640	13551	22
640	13552	22
640	10398	22
640	10399	22
640	10401	11
640	10402	11
640	10403	22
640	10409	11
640	10410	11
640	10415	11
640	10416	22
640	10419	11
640	10424	33
640	10425	22
640	10426	22
640	10427	33
640	10428	22
640	10429	22
640	10431	22
640	10196	333
640	10193	55
640	10194	55
41	174	111
41	594	111
41	1014	89
41	1434	89
41	1854	89
41	2274	111
41	2694	111
41	3114	89
41	3534	89
41	3954	89
41	4332	111
41	4647	111
41	4962	111
41	5340	111
41	5655	111
41	5970	111
41	6348	111
41	6663	111
41	6978	111
41	7356	111
41	7671	111
41	7986	111
41	8301	111
41	10398	22
41	10399	22
41	10401	11
41	10402	11
41	10403	22
41	10409	11
41	10410	11
41	10415	11
41	10416	22
41	10419	11
41	10424	33
41	10425	22
41	10426	22
41	10427	33
41	10428	22
41	10429	22
41	10431	22
41	10196	333
41	10193	55
41	10194	55
241	174	111
241	594	111
241	1014	89
241	1434	89
241	1854	89
241	2274	111
241	2694	111
241	3114	89
241	3534	89
241	3954	89
241	4332	111
241	4647	111
241	4962	111
241	5340	111
241	5655	111
241	5970	111
241	6348	111
241	6663	111
241	6978	111
241	7356	111
241	7671	111
241	7986	111
241	8301	111
241	10398	22
241	10399	22
241	10401	11
241	10402	11
241	10403	22
241	10409	11
241	10410	11
241	10415	11
241	10416	22
241	10419	11
241	10424	33
241	10425	22
241	10426	22
241	10427	33
241	10428	22
241	10429	22
241	10431	22
241	10196	333
241	10193	55
241	10194	55
341	174	111
341	594	111
341	1014	89
341	1434	89
341	1854	89
341	2274	111
341	2694	111
341	3114	89
341	3534	89
341	3954	89
341	4332	111
341	4647	111
341	4962	111
341	5340	111
341	5655	111
341	5970	111
341	6348	111
341	6663	111
341	6978	111
341	7356	111
341	7671	111
341	7986	111
341	8301	111
341	10398	22
341	10399	22
341	10401	11
341	10402	11
341	10403	22
341	10409	11
341	10410	11
341	10415	11
341	10416	22
341	10419	11
341	10424	33
341	10425	22
341	10426	22
341	10427	33
341	10428	22
341	10429	22
341	10431	22
341	10196	333
341	10193	55
341	10194	55
441	174	111
441	594	111
441	1014	89
441	1434	89
441	1854	89
441	2274	111
441	2694	111
441	3114	89
441	3534	89
441	3954	89
441	4332	111
441	4647	111
441	4962	111
441	5340	111
441	5655	111
441	5970	111
441	6348	111
441	6663	111
441	6978	111
441	7356	111
441	7671	111
441	7986	111
441	8301	111
441	10398	22
441	10399	22
441	10401	11
441	10402	11
441	10403	22
441	10409	11
441	10410	11
441	10415	11
441	10416	22
441	10419	11
441	10424	33
441	10425	22
441	10426	22
441	10427	33
441	10428	22
441	10429	22
441	10431	22
441	10196	333
441	10193	55
441	10194	55
541	174	111
541	594	111
541	1014	89
541	1434	89
541	1854	89
541	2274	111
541	2694	111
541	3114	89
541	3534	89
541	3954	89
541	4332	111
541	4647	111
541	4962	111
541	5340	111
541	5655	111
541	5970	111
541	6348	111
541	6663	111
541	6978	111
541	7356	111
541	7671	111
541	7986	111
541	8301	111
541	10398	22
541	10399	22
541	10401	11
541	10402	11
541	10403	22
541	10409	11
541	10410	11
541	10415	11
541	10416	22
541	10419	11
541	10424	33
541	10425	22
541	10426	22
541	10427	33
541	10428	22
541	10429	22
541	10431	22
541	10196	333
541	10193	55
541	10194	55
641	174	111
641	594	111
641	1014	89
641	1434	89
641	1854	89
641	2274	111
641	2694	111
641	3114	89
641	3534	89
641	3954	89
641	4332	111
641	4647	111
641	4962	111
641	5340	111
641	5655	111
641	5970	111
641	6348	111
641	6663	111
641	6978	111
641	11996	22
641	11997	22
641	13551	22
641	13552	22
641	10398	22
641	10399	22
641	10401	11
641	10402	11
641	10403	22
641	10409	11
641	10410	11
641	10415	11
641	10416	22
641	10419	11
641	10424	33
641	10425	22
641	10426	22
641	10427	33
641	10428	22
641	10429	22
641	10431	22
641	10196	333
641	10193	55
641	10194	55
42	172	67
42	592	67
42	1012	55
42	1432	55
42	1852	55
42	2272	67
42	2692	67
42	3112	55
42	3532	55
42	3952	55
42	4330	67
42	4645	67
42	4960	67
42	5338	67
42	5653	67
42	5968	67
42	6346	67
42	6661	67
42	6976	67
42	7354	67
42	7669	67
42	7984	67
42	8299	67
42	10196	200
42	10193	33
42	10194	33
242	172	67
242	592	67
242	1012	55
242	1432	55
242	1852	55
242	2272	67
242	2692	67
242	3112	55
242	3532	55
242	3952	55
242	4330	67
242	4645	67
242	4960	67
242	5338	67
242	5653	67
242	5968	67
242	6346	67
242	6661	67
242	6976	67
242	7354	67
242	7669	67
242	7984	67
242	8299	67
242	10196	200
242	10193	33
242	10194	33
342	172	67
342	592	67
342	1012	55
342	1432	55
342	1852	55
342	2272	67
342	2692	67
342	3112	55
342	3532	55
342	3952	55
342	4330	67
342	4645	67
342	4960	67
342	5338	67
342	5653	67
342	5968	67
342	6346	67
342	6661	67
342	6976	67
342	7354	67
342	7669	67
342	7984	67
342	8299	67
342	10196	200
342	10193	33
342	10194	33
442	172	67
442	592	67
442	1012	55
442	1432	55
442	1852	55
442	2272	67
442	2692	67
442	3112	55
442	3532	55
442	3952	55
442	4330	67
442	4645	67
442	4960	67
442	5338	67
442	5653	67
442	5968	67
442	6346	67
442	6661	67
442	6976	67
442	7354	67
442	7669	67
442	7984	67
442	8299	67
442	10196	200
442	10193	33
442	10194	33
542	172	67
542	592	67
542	1012	55
542	1432	55
542	1852	55
542	2272	67
542	2692	67
542	3112	55
542	3532	55
542	3952	55
542	4330	67
542	4645	67
542	4960	67
542	5338	67
542	5653	67
542	5968	67
542	6346	67
542	6661	67
542	6976	67
542	7354	67
542	7669	67
542	7984	67
542	8299	67
542	10196	200
542	10193	33
542	10194	33
642	172	67
642	592	67
642	1012	55
642	1432	55
642	1852	55
642	2272	67
642	2692	67
642	3112	55
642	3532	55
642	3952	55
642	4330	67
642	4645	67
642	4960	67
642	5338	67
642	5653	67
642	5968	67
642	6346	67
642	6661	67
642	6976	67
642	11996	22
642	11997	22
642	13551	22
642	13552	22
642	10196	200
642	10193	33
642	10194	33
43	174	111
43	594	111
43	1014	89
43	1434	89
43	1854	89
43	2274	111
43	2694	111
43	3114	89
43	3534	89
43	3954	89
43	4332	111
43	4647	111
43	4962	111
43	5340	111
43	5655	111
43	5970	111
43	6348	111
43	6663	111
43	6978	111
43	7356	111
43	7671	111
43	7986	111
43	8301	111
43	10398	22
43	10399	22
43	10401	11
43	10402	11
43	10403	22
43	10409	11
43	10410	11
43	10415	11
43	10416	22
43	10419	11
43	10424	33
43	10425	22
43	10426	22
43	10427	33
43	10428	22
43	10429	22
43	10431	22
43	10196	333
43	10193	55
43	10194	55
243	174	111
243	594	111
243	1014	89
243	1434	89
243	1854	89
243	2274	111
243	2694	111
243	3114	89
243	3534	89
243	3954	89
243	4332	111
243	4647	111
243	4962	111
243	5340	111
243	5655	111
243	5970	111
243	6348	111
243	6663	111
243	6978	111
243	7356	111
243	7671	111
243	7986	111
243	8301	111
243	10398	22
243	10399	22
243	10401	11
243	10402	11
243	10403	22
243	10409	11
243	10410	11
243	10415	11
243	10416	22
243	10419	11
243	10424	33
243	10425	22
243	10426	22
243	10427	33
243	10428	22
243	10429	22
243	10431	22
243	10196	333
243	10193	55
243	10194	55
343	174	111
343	594	111
343	1014	89
343	1434	89
343	1854	89
343	2274	111
343	2694	111
343	3114	89
343	3534	89
343	3954	89
343	4332	111
343	4647	111
343	4962	111
343	5340	111
343	5655	111
343	5970	111
343	6348	111
343	6663	111
343	6978	111
343	7356	111
343	7671	111
343	7986	111
343	8301	111
343	10398	22
343	10399	22
343	10401	11
343	10402	11
343	10403	22
343	10409	11
343	10410	11
343	10415	11
343	10416	22
343	10419	11
343	10424	33
343	10425	22
343	10426	22
343	10427	33
343	10428	22
343	10429	22
343	10431	22
343	10196	333
343	10193	55
343	10194	55
443	174	111
443	594	111
443	1014	89
443	1434	89
443	1854	89
443	2274	111
443	2694	111
443	3114	89
443	3534	89
443	3954	89
443	4332	111
443	4647	111
443	4962	111
443	5340	111
443	5655	111
443	5970	111
443	6348	111
443	6663	111
443	6978	111
443	7356	111
443	7671	111
443	7986	111
443	8301	111
443	10398	22
443	10399	22
443	10401	11
443	10402	11
443	10403	22
443	10409	11
443	10410	11
443	10415	11
443	10416	22
443	10419	11
443	10424	33
443	10425	22
443	10426	22
443	10427	33
443	10428	22
443	10429	22
443	10431	22
443	10196	333
443	10193	55
443	10194	55
543	174	111
543	594	111
543	1014	89
543	1434	89
543	1854	89
543	2274	111
543	2694	111
543	3114	89
543	3534	89
543	3954	89
543	4332	111
543	4647	111
543	4962	111
543	5340	111
543	5655	111
543	5970	111
543	6348	111
543	6663	111
543	6978	111
543	7356	111
543	7671	111
543	7986	111
543	8301	111
543	10398	22
543	10399	22
543	10401	11
543	10402	11
543	10403	22
543	10409	11
543	10410	11
543	10415	11
543	10416	22
543	10419	11
543	10424	33
543	10425	22
543	10426	22
543	10427	33
543	10428	22
543	10429	22
543	10431	22
543	10196	333
543	10193	55
543	10194	55
643	174	111
643	594	111
643	1014	89
643	1434	89
643	1854	89
643	2274	111
643	2694	111
643	3114	89
643	3534	89
643	3954	89
643	4332	111
643	4647	111
643	4962	111
643	5340	111
643	5655	111
643	5970	111
643	6348	111
643	6663	111
643	6978	111
643	11996	27
643	11997	27
643	13551	27
643	13552	27
643	10398	22
643	10399	22
643	10401	11
643	10402	11
643	10403	22
643	10409	11
643	10410	11
643	10415	11
643	10416	22
643	10419	11
643	10424	33
643	10425	22
643	10426	22
643	10427	33
643	10428	22
643	10429	22
643	10431	22
643	10196	333
643	10193	55
643	10194	55
44	171	55
44	591	55
44	1011	44
44	1431	44
44	1851	44
44	2271	55
44	2691	55
44	3111	44
44	3531	44
44	3951	44
44	4329	55
44	4644	55
44	4959	55
44	5337	55
44	5652	55
44	5967	55
44	6345	55
44	6660	55
44	6975	55
44	7353	55
44	7668	55
44	7983	55
44	8298	55
44	10196	200
44	10193	33
44	10194	33
244	171	55
244	591	55
244	1011	44
244	1431	44
244	1851	44
244	2271	55
244	2691	55
244	3111	44
244	3531	44
244	3951	44
244	4329	55
244	4644	55
244	4959	55
244	5337	55
244	5652	55
244	5967	55
244	6345	55
244	6660	55
244	6975	55
244	7353	55
244	7668	55
244	7983	55
244	8298	55
244	10196	200
244	10193	33
244	10194	33
344	171	67
344	591	67
344	1011	44
344	1431	44
344	1851	44
344	2271	67
344	2691	67
344	3111	44
344	3531	44
344	3951	44
344	4329	67
344	4644	67
344	4959	67
344	5337	67
344	5652	67
344	5967	67
344	6345	67
344	6660	67
344	6975	67
344	7353	67
344	7668	67
344	7983	67
344	8298	67
344	10196	200
344	10193	33
344	10194	33
444	171	67
444	591	67
444	1011	45
444	1431	45
444	1851	45
444	2271	67
444	2691	67
444	3111	44
444	3531	44
444	3951	44
444	4329	67
444	4644	67
444	4959	67
444	5337	67
444	5652	67
444	5967	67
444	6345	67
444	6660	67
444	6975	67
444	7353	67
444	7668	67
444	7983	67
444	8298	67
444	10196	200
444	10193	33
444	10194	33
544	171	67
544	591	67
544	1011	55
544	1431	55
544	1851	55
544	2271	67
544	2691	67
544	3111	55
544	3531	55
544	3951	55
544	4329	67
544	4644	67
544	4959	67
544	5337	67
544	5652	67
544	5967	67
544	6345	67
544	6660	67
544	6975	67
544	7353	67
544	7668	67
544	7983	67
544	8298	67
544	10196	200
544	10193	33
544	10194	33
644	171	67
644	591	67
644	1011	55
644	1431	55
644	1851	55
644	2271	67
644	2691	67
644	3111	55
644	3531	55
644	3951	55
644	4329	67
644	4644	67
644	4959	67
644	5337	67
644	5652	67
644	5967	67
644	6345	67
644	6660	67
644	6975	67
644	11996	28
644	11997	28
644	13551	28
644	13552	28
644	10196	200
644	10193	33
644	10194	33
45	10899	55
45	10920	55
45	10941	55
45	11088	55
45	11109	55
45	11130	55
45	11235	55
45	11298	55
45	11361	55
45	11550	55
45	11676	55
45	11802	55
45	10398	55
45	10399	55
45	10401	11
45	10402	11
45	10403	11
45	10409	11
45	10410	11
45	10415	11
45	10416	11
45	10419	11
45	10424	22
45	10425	17
45	10426	11
45	10427	22
45	10428	17
45	10429	11
45	10431	11
45	10196	267
45	10193	67
45	10194	67
245	10899	55
245	10920	55
245	10941	55
245	11088	55
245	11109	55
245	11130	55
245	11235	55
245	11298	55
245	11361	55
245	11550	55
245	11676	55
245	11802	55
245	10398	55
245	10399	55
245	10401	11
245	10402	11
245	10403	11
245	10409	11
245	10410	11
245	10415	11
245	10416	11
245	10419	11
245	10424	22
245	10425	17
245	10426	11
245	10427	22
245	10428	17
245	10429	11
245	10431	11
245	10196	267
245	10193	67
245	10194	67
345	10899	55
345	10920	55
345	10941	55
345	11088	55
345	11109	55
345	11130	55
345	11235	55
345	11298	55
345	11361	55
345	11550	55
345	11676	55
345	11802	55
345	10398	55
345	10399	55
345	10401	11
345	10402	11
345	10403	11
345	10409	11
345	10410	11
345	10415	11
345	10416	11
345	10419	11
345	10424	22
345	10425	17
345	10426	11
345	10427	22
345	10428	17
345	10429	11
345	10431	11
345	10196	267
345	10193	67
345	10194	67
445	10899	55
445	10920	55
445	10941	55
445	11088	55
445	11109	55
445	11130	55
445	11235	55
445	11298	55
445	11361	55
445	11550	55
445	11676	55
445	11802	55
445	10398	55
445	10399	55
445	10401	11
445	10402	11
445	10403	11
445	10409	11
445	10410	11
445	10415	11
445	10416	11
445	10419	11
445	10424	22
445	10425	17
445	10426	11
445	10427	22
445	10428	17
445	10429	11
445	10431	11
445	10196	267
445	10193	67
445	10194	67
545	10899	55
545	10920	55
545	10941	55
545	11088	55
545	11109	55
545	11130	55
545	11235	55
545	11298	55
545	11361	55
545	11550	55
545	11676	55
545	11802	55
545	10398	55
545	10399	55
545	10401	11
545	10402	11
545	10403	11
545	10409	11
545	10410	11
545	10415	11
545	10416	11
545	10419	11
545	10424	22
545	10425	17
545	10426	11
545	10427	22
545	10428	17
545	10429	11
545	10431	11
545	10196	267
545	10193	67
545	10194	67
645	10899	67
645	10920	67
645	10941	67
645	11088	67
645	11109	67
645	11130	67
645	11235	67
645	11298	67
645	11361	67
645	11550	67
645	11676	67
645	11802	67
645	10398	67
645	10399	67
645	11969	55
645	11994	55
645	11992	55
645	10409	11
645	10410	11
645	10415	11
645	10416	11
645	10419	11
645	10424	22
645	10425	17
645	10426	11
645	11996	28
645	11997	28
645	13551	28
645	13552	28
645	10196	267
645	10193	67
645	10194	67
46	11025	55
46	11046	55
46	11067	55
46	11214	55
46	11466	55
46	11592	55
46	11655	55
46	10398	55
46	10399	55
46	10401	11
46	10402	11
46	10403	11
46	10409	11
46	10410	11
46	10415	11
46	10416	11
46	10419	11
46	10424	22
46	10425	17
46	10426	11
46	10427	22
46	10428	17
46	10429	11
46	10431	11
46	10196	267
46	10193	67
46	10194	67
246	11025	55
246	11046	55
246	11067	55
246	11214	55
246	11466	55
246	11592	55
246	11655	55
246	10398	55
246	10399	55
246	10401	11
246	10402	11
246	10403	11
246	10409	11
246	10410	11
246	10415	11
246	10416	11
246	10419	11
246	10424	22
246	10425	17
246	10426	11
246	10427	22
246	10428	17
246	10429	11
246	10431	11
246	10196	267
246	10193	67
246	10194	67
346	11025	55
346	11046	55
346	11067	55
346	11214	55
346	11466	55
346	11592	55
346	11655	55
346	10398	55
346	10399	55
346	10401	11
346	10402	11
346	10403	11
346	10409	11
346	10410	11
346	10415	11
346	10416	11
346	10419	11
346	10424	22
346	10425	17
346	10426	11
346	10427	22
346	10428	17
346	10429	11
346	10431	11
346	10196	267
346	10193	67
346	10194	67
446	11025	55
446	11046	55
446	11067	55
446	11214	55
446	11466	55
446	11592	55
446	11655	55
446	10398	55
446	10399	55
446	10401	11
446	10402	11
446	10403	11
446	10409	11
446	10410	11
446	10415	11
446	10416	11
446	10419	11
446	10424	22
446	10425	17
446	10426	11
446	10427	22
446	10428	17
446	10429	11
446	10431	11
446	10196	267
446	10193	67
446	10194	67
546	11025	55
546	11046	55
546	11067	55
546	11214	55
546	11466	55
546	11592	55
546	11655	55
546	10398	55
546	10399	55
546	10401	11
546	10402	11
546	10403	11
546	10409	11
546	10410	11
546	10415	11
546	10416	11
546	10419	11
546	10424	22
546	10425	17
546	10426	11
546	10427	22
546	10428	17
546	10429	11
546	10431	11
546	10196	267
546	10193	67
546	10194	67
646	11996	28
646	11997	28
646	13551	28
646	13552	28
646	11466	67
646	11592	67
646	11655	67
646	10398	67
646	10399	67
646	11969	55
646	11994	55
646	11992	55
646	10409	11
646	10410	11
646	10415	11
646	10416	11
646	10419	11
646	10424	22
646	10425	17
646	10426	11
646	10427	22
646	10428	17
646	10429	11
646	10431	11
646	10196	267
646	10193	67
646	10194	67
47	172	55
47	592	55
47	1012	45
47	1432	45
47	1852	45
47	2272	55
47	2692	55
47	3112	45
47	3532	45
47	3952	45
47	4330	55
47	4645	55
47	4960	55
47	5338	55
47	5653	55
47	5968	55
47	6346	55
47	6661	55
47	6976	55
47	7354	55
47	7669	55
47	7984	55
47	8299	55
47	10196	200
47	10193	33
47	10194	33
247	172	55
247	592	55
247	1012	45
247	1432	45
247	1852	45
247	2272	55
247	2692	55
247	3112	45
247	3532	45
247	3952	45
247	4330	55
247	4645	55
247	4960	55
247	5338	55
247	5653	55
247	5968	55
247	6346	55
247	6661	55
247	6976	55
247	7354	55
247	7669	55
247	7984	55
247	8299	55
247	10196	200
247	10193	33
247	10194	33
347	172	67
347	592	67
347	1012	45
347	1432	45
347	1852	45
347	2272	67
347	2692	67
347	3112	45
347	3532	45
347	3952	45
347	4330	67
347	4645	67
347	4960	67
347	5338	67
347	5653	67
347	5968	67
347	6346	67
347	6661	67
347	6976	67
347	7354	67
347	7669	67
347	7984	67
347	8299	67
347	10196	200
347	10193	33
347	10194	33
447	172	67
447	592	67
447	1012	45
447	1432	45
447	1852	45
447	2272	67
447	2692	67
447	3112	45
447	3532	45
447	3952	45
447	4330	67
447	4645	67
447	4960	67
447	5338	67
447	5653	67
447	5968	67
447	6346	67
447	6661	67
447	6976	67
447	7354	67
447	7669	67
447	7984	67
447	8299	67
447	10196	200
447	10193	33
447	10194	33
547	172	67
547	592	67
547	1012	55
547	1432	55
547	1852	55
547	2272	67
547	2692	67
547	3112	55
547	3532	55
547	3952	55
547	4330	67
547	4645	67
547	4960	67
547	5338	67
547	5653	67
547	5968	67
547	6346	67
547	6661	67
547	6976	67
547	7354	67
547	7669	67
547	7984	67
547	8299	67
547	10196	200
547	10193	33
547	10194	33
647	172	67
647	592	67
647	1012	55
647	1432	55
647	1852	55
647	2272	67
647	2692	67
647	3112	55
647	3532	55
647	3952	55
647	4330	67
647	4645	67
647	4960	67
647	5338	67
647	5653	67
647	5968	67
647	6346	67
647	6661	67
647	6976	67
647	11996	28
647	11997	28
647	13551	28
647	13552	28
647	10196	200
647	10193	33
647	10194	33
48	174	67
48	594	67
48	1014	55
48	1434	55
48	1854	55
48	2274	67
48	2694	67
48	3114	55
48	3534	55
48	3954	55
48	4332	67
48	4647	67
48	4962	67
48	5340	67
48	5655	67
48	5970	67
48	6348	67
48	6663	67
48	6978	67
48	7356	67
48	7671	67
48	7986	67
48	8301	67
48	10398	11
48	10399	11
48	10401	11
48	10402	11
48	10403	22
48	10409	11
48	10410	11
48	10415	11
48	10416	22
48	10419	11
48	10424	33
48	10425	22
48	10426	22
48	10427	33
48	10428	22
48	10429	22
48	10431	22
48	10196	200
48	10193	55
48	10194	55
248	174	78
248	594	78
248	1014	55
248	1434	55
248	1854	55
248	2274	78
248	2694	78
248	3114	55
248	3534	55
248	3954	55
248	4332	78
248	4647	78
248	4962	78
248	5340	78
248	5655	78
248	5970	78
248	6348	78
248	6663	78
248	6978	78
248	7356	78
248	7671	78
248	7986	78
248	8301	78
248	10398	11
248	10399	11
248	10401	11
248	10402	11
248	10403	22
248	10409	11
248	10410	11
248	10415	11
248	10416	22
248	10419	11
248	10424	33
248	10425	22
248	10426	22
248	10427	33
248	10428	22
248	10429	22
248	10431	22
248	10196	200
248	10193	55
248	10194	55
348	174	78
348	594	78
348	1014	55
348	1434	55
348	1854	55
348	2274	78
348	2694	78
348	3114	55
348	3534	55
348	3954	55
348	4332	78
348	4647	78
348	4962	78
348	5340	78
348	5655	78
348	5970	78
348	6348	78
348	6663	78
348	6978	78
348	7356	78
348	7671	78
348	7986	78
348	8301	78
348	10398	11
348	10399	11
348	10401	11
348	10402	11
348	10403	22
348	10409	11
348	10410	11
348	10415	11
348	10416	22
348	10419	11
348	10424	33
348	10425	22
348	10426	22
348	10427	33
348	10428	22
348	10429	22
348	10431	22
348	10196	200
348	10193	55
348	10194	55
448	174	78
448	594	78
448	1014	67
448	1434	67
448	1854	67
448	2274	78
448	2694	78
448	3114	67
448	3534	67
448	3954	67
448	4332	78
448	4647	78
448	4962	78
448	5340	78
448	5655	78
448	5970	78
448	6348	78
448	6663	78
448	6978	78
448	7356	78
448	7671	78
448	7986	78
448	8301	78
448	10398	11
448	10399	11
448	10401	11
448	10402	11
448	10403	22
448	10409	11
448	10410	11
448	10415	11
448	10416	22
448	10419	11
448	10424	33
448	10425	22
448	10426	22
448	10427	33
448	10428	22
448	10429	22
448	10431	22
448	10196	200
448	10193	55
448	10194	55
548	174	78
548	594	78
548	1014	67
548	1434	67
548	1854	67
548	2274	78
548	2694	78
548	3114	67
548	3534	67
548	3954	67
548	4332	78
548	4647	78
548	4962	78
548	5340	78
548	5655	78
548	5970	78
548	6348	78
548	6663	78
548	6978	78
548	7356	78
548	7671	78
548	7986	78
548	8301	78
548	10398	11
548	10399	11
548	10401	11
548	10402	11
548	10403	22
548	10409	11
548	10410	11
548	10415	11
548	10416	22
548	10419	11
548	10424	33
548	10425	22
548	10426	22
548	10427	33
548	10428	22
548	10429	22
548	10431	22
548	10196	200
548	10193	55
548	10194	55
648	11996	28
648	11997	28
648	13551	28
648	13552	28
648	1854	67
648	2274	78
648	2694	78
648	3114	67
648	3534	67
648	3954	67
648	4332	78
648	4647	78
648	4962	78
648	5340	78
648	5655	78
648	5970	78
648	6348	78
648	6663	78
648	6978	78
648	7356	78
648	7671	78
648	7986	78
648	8301	78
648	10398	11
648	10399	11
648	10401	11
648	10402	11
648	10403	22
648	10409	11
648	10410	11
648	10415	11
648	10416	22
648	10419	11
648	10424	33
648	10425	22
648	10426	22
648	10427	33
648	10428	22
648	10429	22
648	10431	22
648	10196	200
648	10193	55
648	10194	55
49	10647	55
49	10668	55
49	10689	55
49	11403	45
49	11844	45
49	10398	45
49	10399	45
49	10401	11
49	10402	11
49	10403	11
49	10409	11
49	10410	11
49	10415	11
49	10416	11
49	10419	11
49	10424	22
49	10425	17
49	10426	11
49	10427	22
49	10428	17
49	10429	11
49	10431	11
49	10196	267
49	10193	55
49	10194	55
249	10647	55
249	10668	55
249	10689	55
249	11403	45
249	11844	45
249	10398	45
249	10399	45
249	10401	11
249	10402	11
249	10403	11
249	10409	11
249	10410	11
249	10415	11
249	10416	11
249	10419	11
249	10424	22
249	10425	17
249	10426	11
249	10427	22
249	10428	17
249	10429	11
249	10431	11
249	10196	267
249	10193	55
249	10194	55
349	10647	55
349	10668	55
349	10689	55
349	11403	45
349	11844	45
349	10398	45
349	10399	45
349	10401	11
349	10402	11
349	10403	11
349	10409	11
349	10410	11
349	10415	11
349	10416	11
349	10419	11
349	10424	22
349	10425	17
349	10426	11
349	10427	22
349	10428	17
349	10429	11
349	10431	11
349	10196	267
349	10193	55
349	10194	55
449	10647	55
449	10668	55
449	10689	55
449	11403	45
449	11844	45
449	10398	45
449	10399	45
449	10401	11
449	10402	11
449	10403	11
449	10409	11
449	10410	11
449	10415	11
449	10416	11
449	10419	11
449	10424	22
449	10425	17
449	10426	11
449	10427	22
449	10428	17
449	10429	11
449	10431	11
449	10196	267
449	10193	55
449	10194	55
549	10647	55
549	10668	55
549	10689	55
549	11403	45
549	11844	45
549	10398	45
549	10399	45
549	10401	11
549	10402	11
549	10403	11
549	10409	11
549	10410	11
549	10415	11
549	10416	11
549	10419	11
549	10424	22
549	10425	17
549	10426	11
549	10427	22
549	10428	17
549	10429	11
549	10431	11
549	10196	267
549	10193	55
549	10194	55
649	11996	28
649	11997	28
649	13551	28
649	13552	28
649	11844	55
649	10398	55
649	10399	55
649	11969	55
649	11994	55
649	11992	55
649	10409	11
649	10410	11
649	10415	11
649	10416	11
649	10419	11
649	10424	22
649	10425	17
649	10426	11
649	10427	22
649	10428	17
649	10429	11
649	10431	11
649	10196	267
649	10193	67
649	10194	67
50	10458	45
50	10479	45
50	10500	45
50	11718	45
50	10398	45
50	10399	45
50	10401	11
50	10402	11
50	10403	11
50	10409	11
50	10410	11
50	10415	11
50	10416	11
50	10419	11
50	10424	22
50	10425	17
50	10426	11
50	10427	22
50	10428	17
50	10429	11
50	10431	11
50	10196	267
50	10193	67
50	10194	67
250	10458	45
250	10479	45
250	10500	45
250	11718	45
250	10398	45
250	10399	45
250	10401	11
250	10402	11
250	10403	11
250	10409	11
250	10410	11
250	10415	11
250	10416	11
250	10419	11
250	10424	22
250	10425	17
250	10426	11
250	10427	22
250	10428	17
250	10429	11
250	10431	11
250	10196	267
250	10193	67
250	10194	67
350	10458	45
350	10479	45
350	10500	45
350	11718	45
350	10398	45
350	10399	45
350	10401	11
350	10402	11
350	10403	11
350	10409	11
350	10410	11
350	10415	11
350	10416	11
350	10419	11
350	10424	22
350	10425	17
350	10426	11
350	10427	22
350	10428	17
350	10429	11
350	10431	11
350	10196	267
350	10193	67
350	10194	67
450	10458	45
450	10479	45
450	10500	45
450	11718	45
450	10398	45
450	10399	45
450	10401	11
450	10402	11
450	10403	11
450	10409	11
450	10410	11
450	10415	11
450	10416	11
450	10419	11
450	10424	22
450	10425	17
450	10426	11
450	10427	22
450	10428	17
450	10429	11
450	10431	11
450	10196	267
450	10193	67
450	10194	67
550	10458	45
550	10479	45
550	10500	45
550	11718	45
550	10398	45
550	10399	45
550	10401	11
550	10402	11
550	10403	11
550	10409	11
550	10410	11
550	10415	11
550	10416	11
550	10419	11
550	10424	22
550	10425	17
550	10426	11
550	10427	22
550	10428	17
550	10429	11
550	10431	11
550	10196	267
550	10193	67
550	10194	67
650	11969	55
650	11994	55
650	11992	55
650	11718	55
650	10398	55
650	10399	55
650	10401	11
650	10402	11
650	10403	11
650	10409	11
650	10410	11
650	10415	11
650	10416	11
650	10419	11
650	10424	22
650	10425	17
650	10426	11
650	11996	28
650	11997	28
650	13551	28
650	13552	28
650	10196	267
650	10193	67
650	10194	67
51	10521	45
51	10542	45
51	10563	45
51	10710	45
51	10731	45
51	10752	45
51	11424	45
51	11487	45
51	11613	45
51	11739	45
51	11865	45
51	10398	45
51	10399	45
51	10401	11
51	10402	11
51	10403	11
51	10409	11
51	10410	11
51	10415	11
51	10416	11
51	10419	11
51	10424	22
51	10425	17
51	10426	11
51	10427	22
51	10428	17
51	10429	11
51	10431	11
51	10196	267
51	10193	67
51	10194	67
251	10521	45
251	10542	45
251	10563	45
251	10710	45
251	10731	45
251	10752	45
251	11424	45
251	11487	45
251	11613	45
251	11739	45
251	11865	45
251	10398	45
251	10399	45
251	10401	11
251	10402	11
251	10403	11
251	10409	11
251	10410	11
251	10415	11
251	10416	11
251	10419	11
251	10424	22
251	10425	17
251	10426	11
251	10427	22
251	10428	17
251	10429	11
251	10431	11
251	10196	267
251	10193	67
251	10194	67
351	10521	45
351	10542	45
351	10563	45
351	10710	45
351	10731	45
351	10752	45
351	11424	45
351	11487	45
351	11613	45
351	11739	45
351	11865	45
351	10398	45
351	10399	45
351	10401	11
351	10402	11
351	10403	11
351	10409	11
351	10410	11
351	10415	11
351	10416	11
351	10419	11
351	10424	22
351	10425	17
351	10426	11
351	10427	22
351	10428	17
351	10429	11
351	10431	11
351	10196	267
351	10193	67
351	10194	67
451	10521	45
451	10542	45
451	10563	45
451	10710	45
451	10731	45
451	10752	45
451	11424	45
451	11487	45
451	11613	45
451	11739	45
451	11865	45
451	10398	45
451	10399	45
451	10401	11
451	10402	11
451	10403	11
451	10409	11
451	10410	11
451	10415	11
451	10416	11
451	10419	11
451	10424	22
451	10425	17
451	10426	11
451	10427	22
451	10428	17
451	10429	11
451	10431	11
451	10196	267
451	10193	67
451	10194	67
551	10521	45
551	10542	45
551	10563	45
551	10710	45
551	10731	45
551	10752	45
551	11424	45
551	11487	45
551	11613	45
551	11739	45
551	11865	45
551	10398	45
551	10399	45
551	10401	11
551	10402	11
551	10403	11
551	10409	11
551	10410	11
551	10415	11
551	10416	11
551	10419	11
551	10424	22
551	10425	17
551	10426	11
551	10427	22
551	10428	17
551	10429	11
551	10431	11
551	10196	267
551	10193	67
551	10194	67
651	11996	28
651	11997	28
651	13551	28
651	13552	28
651	10752	55
651	11424	55
651	11487	55
651	11613	55
651	11739	55
651	11865	55
651	10398	55
651	10399	55
651	11969	55
651	11994	55
651	11992	55
651	10409	11
651	10410	11
651	10415	11
651	10416	11
651	10419	11
651	10424	22
651	10425	17
651	10426	11
651	10427	22
651	10428	17
651	10429	11
651	10431	11
651	10196	267
651	10193	78
651	10194	78
52	10836	67
52	10857	67
52	10878	67
52	11277	67
52	11340	67
52	11529	67
52	11781	67
52	10398	45
52	10399	45
52	10401	11
52	10402	11
52	10403	11
52	10409	11
52	10410	11
52	10415	11
52	10416	11
52	10419	11
52	10424	22
52	10425	17
52	10426	11
52	10427	22
52	10428	17
52	10429	11
52	10431	11
52	10196	267
52	10193	78
52	10194	78
252	10836	67
252	10857	67
252	10878	67
252	11277	67
252	11340	67
252	11529	67
252	11781	67
252	10398	45
252	10399	45
252	10401	11
252	10402	11
252	10403	11
252	10409	11
252	10410	11
252	10415	11
252	10416	11
252	10419	11
252	10424	22
252	10425	17
252	10426	11
252	10427	22
252	10428	17
252	10429	11
252	10431	11
252	10196	267
252	10193	78
252	10194	78
352	10836	67
352	10857	67
352	10878	67
352	11277	67
352	11340	67
352	11529	67
352	11781	67
352	10398	45
352	10399	45
352	10401	11
352	10402	11
352	10403	11
352	10409	11
352	10410	11
352	10415	11
352	10416	11
352	10419	11
352	10424	22
352	10425	17
352	10426	11
352	10427	22
352	10428	17
352	10429	11
352	10431	11
352	10196	267
352	10193	78
352	10194	78
452	10836	67
452	10857	67
452	10878	67
452	11277	67
452	11340	67
452	11529	67
452	11781	67
452	10398	45
452	10399	45
452	10401	11
452	10402	11
452	10403	11
452	10409	11
452	10410	11
452	10415	11
452	10416	11
452	10419	11
452	10424	22
452	10425	17
452	10426	11
452	10427	22
452	10428	17
452	10429	11
452	10431	11
452	10196	267
452	10193	78
452	10194	78
552	10836	67
552	10857	67
552	10878	67
552	11277	67
552	11340	67
552	11529	67
552	11781	67
552	10398	45
552	10399	45
552	10401	11
552	10402	11
552	10403	11
552	10409	11
552	10410	11
552	10415	11
552	10416	11
552	10419	11
552	10424	22
552	10425	17
552	10426	11
552	10427	22
552	10428	17
552	10429	11
552	10431	11
552	10196	267
552	10193	78
552	10194	78
652	11996	33
652	11997	33
652	13551	33
652	13552	33
652	11969	55
652	11994	55
652	11992	55
652	10398	55
652	10399	55
652	10401	11
652	10402	11
652	10403	11
652	10409	11
652	10410	11
652	10415	11
652	10416	11
652	10419	11
652	10424	22
652	10425	17
652	10426	11
652	10427	22
652	10428	17
652	10429	11
652	10431	11
652	10196	267
652	10193	89
652	10194	89
53	172	45
53	592	45
53	1012	33
53	1432	33
53	1852	33
53	2272	45
53	2692	45
53	3112	33
53	3532	33
53	3952	33
53	4330	45
53	4645	45
53	4960	45
53	5338	45
53	5653	45
53	5968	45
53	6346	45
53	6661	45
53	6976	45
53	7354	45
53	7669	45
53	7984	45
53	8299	45
53	10196	200
53	10193	33
53	10194	33
253	172	45
253	592	45
253	1012	33
253	1432	33
253	1852	33
253	2272	45
253	2692	45
253	3112	33
253	3532	33
253	3952	33
253	4330	45
253	4645	45
253	4960	45
253	5338	45
253	5653	45
253	5968	45
253	6346	45
253	6661	45
253	6976	45
253	7354	45
253	7669	45
253	7984	45
253	8299	45
253	10196	200
253	10193	33
253	10194	33
353	172	45
353	592	45
353	1012	33
353	1432	33
353	1852	33
353	2272	45
353	2692	45
353	3112	33
353	3532	33
353	3952	33
353	4330	45
353	4645	45
353	4960	45
353	5338	45
353	5653	45
353	5968	45
353	6346	45
353	6661	45
353	6976	45
353	7354	45
353	7669	45
353	7984	45
353	8299	45
353	10196	200
353	10193	33
353	10194	33
453	172	45
453	592	45
453	1012	33
453	1432	33
453	1852	33
453	2272	45
453	2692	45
453	3112	33
453	3532	33
453	3952	33
453	4330	45
453	4645	45
453	4960	45
453	5338	45
453	5653	45
453	5968	45
453	6346	45
453	6661	45
453	6976	45
453	7354	45
453	7669	45
453	7984	45
453	8299	45
453	10196	200
453	10193	33
453	10194	33
553	172	55
553	592	55
553	1012	33
553	1432	33
553	1852	33
553	2272	55
553	2692	55
553	3112	33
553	3532	33
553	3952	33
553	4330	55
553	4645	55
553	4960	55
553	5338	55
553	5653	55
553	5968	55
553	6346	55
553	6661	55
553	6976	55
553	7354	55
553	7669	55
553	7984	55
553	8299	55
553	10196	200
553	10193	33
553	10194	33
653	11996	33
653	11997	33
653	13551	33
653	13552	33
653	11969	55
653	11994	55
653	11992	55
653	3112	33
653	3532	33
653	3952	33
653	4330	55
653	4645	55
653	4960	55
653	5338	55
653	5653	55
653	5968	55
653	6346	55
653	6661	55
653	6976	55
653	7354	55
653	7669	55
653	7984	55
653	8299	55
653	10196	200
653	10193	33
653	10194	33
54	172	55
54	592	55
54	1012	33
54	1432	33
54	1852	33
54	2272	55
54	2692	55
54	3112	33
54	3532	33
54	3952	33
54	4330	55
54	4645	55
54	4960	55
54	5338	55
54	5653	55
54	5968	55
54	6346	55
54	6661	55
54	6976	55
54	7354	55
54	7669	55
54	7984	55
54	8299	55
54	10196	200
54	10193	33
54	10194	33
254	172	55
254	592	55
254	1012	45
254	1432	45
254	1852	45
254	2272	55
254	2692	55
254	3112	45
254	3532	45
254	3952	45
254	4330	55
254	4645	55
254	4960	55
254	5338	55
254	5653	55
254	5968	55
254	6346	55
254	6661	55
254	6976	55
254	7354	55
254	7669	55
254	7984	55
254	8299	55
254	10196	200
254	10193	33
254	10194	33
354	172	55
354	592	55
354	1012	45
354	1432	45
354	1852	45
354	2272	55
354	2692	55
354	3112	45
354	3532	45
354	3952	45
354	4330	55
354	4645	55
354	4960	55
354	5338	55
354	5653	55
354	5968	55
354	6346	55
354	6661	55
354	6976	55
354	7354	55
354	7669	55
354	7984	55
354	8299	55
354	10196	200
354	10193	33
354	10194	33
454	172	55
454	592	55
454	1012	45
454	1432	45
454	1852	45
454	2272	55
454	2692	55
454	3112	45
454	3532	45
454	3952	45
454	4330	55
454	4645	55
454	4960	55
454	5338	55
454	5653	55
454	5968	55
454	6346	55
454	6661	55
454	6976	55
454	7354	55
454	7669	55
454	7984	55
454	8299	55
454	10196	200
454	10193	33
454	10194	33
554	172	55
554	592	55
554	1012	45
554	1432	45
554	1852	45
554	2272	55
554	2692	55
554	3112	45
554	3532	45
554	3952	45
554	4330	55
554	4645	55
554	4960	55
554	5338	55
554	5653	55
554	5968	55
554	6346	55
554	6661	55
554	6976	55
554	7354	55
554	7669	55
554	7984	55
554	8299	55
554	10196	200
554	10193	33
554	10194	33
654	11996	33
654	11997	33
654	13551	33
654	13552	33
654	11969	55
654	11994	55
654	11992	55
654	3112	45
654	3532	45
654	3952	45
654	4330	55
654	4645	55
654	4960	55
654	5338	55
654	5653	55
654	5968	55
654	6346	55
654	6661	55
654	6976	55
654	7354	55
654	7669	55
654	7984	55
654	8299	55
654	10196	200
654	10193	33
654	10194	33
101	11996	83
101	11997	83
101	13551	83
101	13552	83
101	11969	111
101	11994	111
101	11992	111
101	10526	289
101	10547	289
101	10568	289
101	10715	289
101	10736	289
101	10757	289
101	10904	300
101	10925	300
101	10946	300
101	11093	300
101	11114	300
101	11135	300
101	11240	300
101	11303	300
101	11366	300
101	11429	289
101	11492	289
101	11555	300
101	11618	300
101	11681	289
101	11744	289
101	11870	289
101	10196	333
101	10193	267
101	10194	267
103	11969	55
103	11994	55
103	11992	55
103	10528	289
103	10549	300
103	10570	300
103	10717	300
103	10738	300
103	10759	300
103	10906	300
103	10927	300
103	10948	300
103	11095	300
103	11116	289
103	11137	289
103	11242	300
103	11305	300
103	11368	289
103	11431	289
103	11494	289
103	11557	333
103	11620	267
103	11683	267
103	11746	300
103	11872	289
103	10196	333
103	10193	267
103	10194	267
103	11996	311
103	11997	145
103	13551	145
103	13552	145
102	11969	55
102	11994	55
102	11992	55
102	10926	300
102	10947	300
102	11094	300
102	11115	289
102	11136	289
102	11241	300
102	11304	300
102	11367	289
102	11430	289
102	11493	289
102	11556	333
102	11619	267
102	11682	267
102	11745	300
102	11871	289
102	10196	333
102	10193	211
102	10194	211
102	11996	200
102	11997	200
102	13551	200
102	13552	200
111	11996	125
111	11997	125
111	13551	125
111	13552	125
111	11969	167
111	11994	167
111	11992	167
111	10526	433
111	10547	433
111	10568	433
111	10715	433
111	10736	433
111	10757	433
111	10904	450
111	10925	450
111	10946	450
111	11093	450
111	11114	450
111	11135	450
111	11240	450
111	11303	450
111	11366	450
111	11429	433
111	11492	433
111	11555	450
111	11618	450
111	11681	433
111	11744	433
111	11870	433
111	10196	500
111	10193	400
111	10194	400
113	11969	83
113	11994	83
113	11992	83
113	10528	433
113	10549	450
113	10570	450
113	10717	450
113	10738	450
113	10759	450
113	10906	450
113	10927	450
113	10948	450
113	11095	450
113	11116	433
113	11137	433
113	11242	450
113	11305	450
113	11368	433
113	11431	433
113	11494	433
113	11557	500
113	11620	400
113	11683	400
113	11746	450
113	11872	433
113	10196	500
113	10193	400
113	10194	400
113	11996	467
113	11997	217
113	13551	217
113	13552	217
112	11969	83
112	11994	83
112	11992	83
112	10926	450
112	10947	450
112	11094	450
112	11115	433
112	11136	433
112	11241	450
112	11304	450
112	11367	433
112	11430	433
112	11493	433
112	11556	500
112	11619	400
112	11682	400
112	11745	450
112	11871	433
112	10196	500
112	10193	317
112	10194	317
112	11996	300
112	11997	300
112	13551	300
112	13552	300
#		
