;몹번호	아이템번호	아이템나올 확율(1000이 100)			
1	1	300			
1	190	300			
1	610	300			
1	1030	300			
1	1450	300			
1	1870	300			
1	2290	300			
1	2710	300			
1	3130	300			
1	3550	300			
1	3970	300			
1	3991	300			
1	4012	300			
1	4978	300			
1	4999	300			
1	5020	300			
1	5986	300			
1	6007	300			
1	6028	300			
1	6994	300			
1	7015	300			
1	7036	300			
1	8002	300			
1	10103	300			
1	10104	300			
1	10112	300			
1	10113	300			
1	10196	300			
1	10193	50			
1	10194	50			
201	2	300			
201	191	300			
201	611	300			
201	1031	300			
201	1451	300			
201	1871	300			
201	2291	300			
201	2711	300			
201	3131	300			
201	3551	300			
201	3971	300			
201	3992	300			
201	4013	300			
201	4979	300			
201	5000	300			
201	5021	300			
201	5987	300			
201	6008	300			
201	6029	300			
201	6995	300			
201	7016	300			
201	7037	300			
201	8003	300			
201	10103	300			
201	10104	300			
201	10112	300			
201	10113	300			
201	10196	300			
201	10193	50			
201	10194	50			
301	3	300			
301	192	300			
301	612	300			
301	1032	300			
301	1452	300			
301	1872	300			
301	2292	300			
301	2712	300			
301	3132	300			
301	3552	300			
301	3972	300			
301	3993	300			
301	4014	300			
301	4980	300			
301	5001	300			
301	5022	300			
301	5988	300			
301	6009	300			
301	6030	300			
301	6996	300			
301	7017	300			
301	7038	300			
301	8004	300			
301	10103	300			
301	10104	300			
301	10112	300			
301	10113	300			
301	10196	300			
301	10193	50			
301	10194	50			
401	4	300			
401	193	300			
401	613	300			
401	1033	300			
401	1453	300			
401	1873	300			
401	2293	300			
401	2713	300			
401	3133	300			
401	3553	300			
401	3973	300			
401	3994	300			
401	4015	300			
401	4981	300			
401	5002	300			
401	5023	300			
401	5989	300			
401	6010	300			
401	6031	300			
401	6997	300			
401	7018	300			
401	7039	300			
401	8005	300			
401	10103	300			
401	10104	300			
401	10112	300			
401	10113	300			
401	10196	300			
401	10193	50			
401	10194	50			
501	5	300			
501	194	300			
501	614	300			
501	1034	300			
501	1454	300			
501	1874	300			
501	2294	300			
501	2714	300			
501	3134	300			
501	3554	300			
501	3974	300			
501	3995	300			
501	4016	300			
501	4982	300			
501	5003	300			
501	5024	300			
501	5990	300			
501	6011	300			
501	6032	300			
501	6998	300			
501	7019	300			
501	7040	300			
501	8006	300			
501	10103	300			
501	10104	300			
501	10112	300			
501	10113	300			
501	10196	300			
501	10193	50			
501	10194	50			
601	6	300			
601	195	300			
601	615	300			
601	1035	300			
601	1455	300			
601	1875	300			
601	2295	300			
601	2715	300			
601	3135	300			
601	3555	300			
601	3975	300			
601	3996	300			
601	4017	300			
601	4983	300			
601	5004	300			
601	5025	300			
601	5991	300			
601	6012	300			
601	6033	300			
601	6999	300			
601	7020	300			
601	7041	300			
601	8007	300			
601	10103	300			
601	10104	300			
601	10112	300			
601	10113	300			
601	10196	300			
601	10193	60			
601	10194	60			
2	211	300			
2	631	300			
2	1051	300			
2	1471	300			
2	1891	300			
2	2311	300			
2	2731	300			
2	3151	300			
2	3571	300			
2	4033	300			
2	4348	300			
2	4663	300			
2	5041	300			
2	5356	300			
2	5671	300			
2	6049	300			
2	6364	300			
2	6679	300			
2	7057	300			
2	7372	300			
2	7687	300			
2	10105	300			
2	10114	300			
2	10393	300			
2	10395	300			
2	10196	300			
2	10193	50			
2	10194	50			
202	212	300			
202	632	300			
202	1052	300			
202	1472	300			
202	1892	300			
202	2312	300			
202	2732	300			
202	3152	300			
202	3572	300			
202	4034	300			
202	4349	300			
202	4664	300			
202	5042	300			
202	5357	300			
202	5672	300			
202	6050	300			
202	6365	300			
202	6680	300			
202	7058	300			
202	7373	300			
202	7688	300			
202	10105	300			
202	10114	300			
202	10393	300			
202	10395	300			
202	10196	300			
202	10193	50			
202	10194	50			
302	213	300			
302	633	300			
302	1053	300			
302	1473	300			
302	1893	300			
302	2313	300			
302	2733	300			
302	3153	300			
302	3573	300			
302	4035	300			
302	4350	300			
302	4665	300			
302	5043	300			
302	5358	300			
302	5673	300			
302	6051	300			
302	6366	300			
302	6681	300			
302	7059	300			
302	7374	300			
302	7689	300			
302	10105	300			
302	10114	300			
302	10393	300			
302	10395	300			
302	10196	300			
302	10193	50			
302	10194	50			
402	214	300			
402	634	300			
402	1054	300			
402	1474	300			
402	1894	300			
402	2314	300			
402	2734	300			
402	3154	300			
402	3574	300			
402	4036	300			
402	4351	300			
402	4666	300			
402	5044	300			
402	5359	300			
402	5674	300			
402	6052	300			
402	6367	300			
402	6682	300			
402	7060	300			
402	7375	300			
402	7690	300			
402	10105	300			
402	10114	300			
402	10393	300			
402	10395	300			
402	10196	300			
402	10193	50			
402	10194	50			
502	215	300			
502	635	300			
502	1055	300			
502	1475	300			
502	1895	300			
502	2315	300			
502	2735	300			
502	3155	300			
502	3575	300			
502	4037	300			
502	4352	300			
502	4667	300			
502	5045	300			
502	5360	300			
502	5675	300			
502	6053	300			
502	6368	300			
502	6683	300			
502	7061	300			
502	7376	300			
502	7691	300			
502	10105	300			
502	10114	300			
502	10393	300			
502	10395	300			
502	10196	300			
502	10193	50			
502	10194	50			
602	216	300			
602	636	300			
602	1056	300			
602	1476	300			
602	1896	300			
602	2316	300			
602	2736	300			
602	3156	300			
602	3576	300			
602	4038	300			
602	4353	300			
602	4668	300			
602	5046	300			
602	5361	300			
602	5676	300			
602	6054	300			
602	6369	300			
602	6684	300			
602	7062	300			
602	7377	300			
602	7692	300			
602	10105	300			
602	10114	300			
602	10393	300			
602	10395	300			
602	10196	300			
602	10193	60			
602	10194	60			
3	232	300			
3	652	300			
3	1072	300			
3	1492	300			
3	1912	300			
3	2332	300			
3	2752	300			
3	3172	300			
3	3592	300			
3	4054	300			
3	4369	300			
3	4684	300			
3	5062	300			
3	5377	300			
3	5692	300			
3	6070	300			
3	6385	300			
3	6700	300			
3	7078	300			
3	7393	300			
3	7708	300			
3	8023	300			
3	10106	300			
3	10115	300			
3	10196	300			
3	10193	50			
3	10194	50			
203	233	300			
203	653	300			
203	1073	300			
203	1493	300			
203	1913	300			
203	2333	300			
203	2753	300			
203	3173	300			
203	3593	300			
203	4055	300			
203	4370	300			
203	4685	300			
203	5063	300			
203	5378	300			
203	5693	300			
203	6071	300			
203	6386	300			
203	6701	300			
203	7079	300			
203	7394	300			
203	7709	300			
203	8024	300			
203	10106	300			
203	10115	300			
203	10196	300			
203	10193	50			
203	10194	50			
303	234	300			
303	654	300			
303	1074	300			
303	1494	300			
303	1914	300			
303	2334	300			
303	2754	300			
303	3174	300			
303	3594	300			
303	4056	300			
303	4371	300			
303	4686	300			
303	5064	300			
303	5379	300			
303	5694	300			
303	6072	300			
303	6387	300			
303	6702	300			
303	7080	300			
303	7395	300			
303	7710	300			
303	8025	300			
303	10106	300			
303	10115	300			
303	10196	300			
303	10193	50			
303	10194	50			
403	235	300			
403	655	300			
403	1075	300			
403	1495	300			
403	1915	300			
403	2335	300			
403	2755	300			
403	3175	300			
403	3595	300			
403	4057	300			
403	4372	300			
403	4687	300			
403	5065	300			
403	5380	300			
403	5695	300			
403	6073	300			
403	6388	300			
403	6703	300			
403	7081	300			
403	7396	300			
403	7711	300			
403	8026	300			
403	10106	300			
403	10115	300			
403	10196	300			
403	10193	50			
403	10194	50			
503	236	300			
503	656	300			
503	1076	300			
503	1496	300			
503	1916	300			
503	2336	300			
503	2756	300			
503	3176	300			
503	3596	300			
503	4058	300			
503	4373	300			
503	4688	300			
503	5066	300			
503	5381	300			
503	5696	300			
503	6074	300			
503	6389	300			
503	6704	300			
503	7082	300			
503	7397	300			
503	7712	300			
503	8027	300			
503	10106	300			
503	10115	300			
503	10196	300			
503	10193	50			
503	10194	50			
603	237	300			
603	657	300			
603	1077	300			
603	1497	300			
603	1917	300			
603	2337	300			
603	2757	300			
603	3177	300			
603	3597	300			
603	4059	300			
603	4374	300			
603	4689	300			
603	5067	300			
603	5382	300			
603	5697	300			
603	6075	300			
603	6390	300			
603	6705	300			
603	7083	300			
603	7398	300			
603	7713	300			
603	8028	300			
603	10106	300			
603	10115	300			
603	10196	300			
603	10193	60			
603	10194	60			
4	22	300			
4	253	300			
4	673	300			
4	1093	300			
4	1513	300			
4	1933	300			
4	2353	300			
4	2773	300			
4	3193	300			
4	3613	300			
4	4075	300			
4	4390	300			
4	4705	300			
4	5083	300			
4	5398	300			
4	5713	300			
4	6091	300			
4	6406	300			
4	6721	300			
4	7099	300			
4	7414	300			
4	7729	300			
4	8044	300			
4	10107	300			
4	10116	300			
4	10392	300			
4	10396	300			
4	10196	300			
4	10193	50			
4	10194	50			
204	23	300			
204	254	300			
204	674	300			
204	1094	300			
204	1514	300			
204	1934	300			
204	2354	300			
204	2774	300			
204	3194	300			
204	3614	300			
204	4076	300			
204	4391	300			
204	4706	300			
204	5084	300			
204	5399	300			
204	5714	300			
204	6092	300			
204	6407	300			
204	6722	300			
204	7100	300			
204	7415	300			
204	7730	300			
204	8045	300			
204	10107	300			
204	10116	300			
204	10392	300			
204	10396	300			
204	10196	300			
204	10193	50			
204	10194	50			
304	24	300			
304	255	300			
304	675	300			
304	1095	300			
304	1515	300			
304	1935	300			
304	2355	300			
304	2775	300			
304	3195	300			
304	3615	300			
304	4077	300			
304	4392	300			
304	4707	300			
304	5085	300			
304	5400	300			
304	5715	300			
304	6093	300			
304	6408	300			
304	6723	300			
304	7101	300			
304	7416	300			
304	7731	300			
304	8046	300			
304	10107	300			
304	10116	300			
304	10392	300			
304	10396	300			
304	10196	300			
304	10193	50			
304	10194	50			
404	25	300			
404	256	300			
404	676	300			
404	1096	300			
404	1516	300			
404	1936	300			
404	2356	300			
404	2776	300			
404	3196	300			
404	3616	300			
404	4078	300			
404	4393	300			
404	4708	300			
404	5086	300			
404	5401	300			
404	5716	300			
404	6094	300			
404	6409	300			
404	6724	300			
404	7102	300			
404	7417	300			
404	7732	300			
404	8047	300			
404	10107	300			
404	10116	300			
404	10392	300			
404	10396	300			
404	10196	300			
404	10193	50			
404	10194	50			
504	26	300			
504	257	300			
504	677	300			
504	1097	300			
504	1517	300			
504	1937	300			
504	2357	300			
504	2777	300			
504	3197	300			
504	3617	300			
504	4079	300			
504	4394	300			
504	4709	300			
504	5087	300			
504	5402	300			
504	5717	300			
504	6095	300			
504	6410	300			
504	6725	300			
504	7103	300			
504	7418	300			
504	7733	300			
504	8048	300			
504	10107	300			
504	10116	300			
504	10392	300			
504	10396	300			
504	10196	300			
504	10193	50			
504	10194	50			
604	27	300			
604	258	300			
604	678	300			
604	1098	300			
604	1518	300			
604	1938	300			
604	2358	300			
604	2778	300			
604	3198	300			
604	3618	300			
604	4080	300			
604	4395	300			
604	4710	300			
604	5088	300			
604	5403	300			
604	5718	300			
604	6096	300			
604	6411	300			
604	6726	300			
604	7104	300			
604	7419	300			
604	7734	300			
604	8049	300			
604	10107	300			
604	10116	300			
604	10392	300			
604	10396	300			
604	10196	300			
604	10193	60			
604	10194	60			
5	43	300			
5	274	300			
5	694	300			
5	1114	300			
5	1534	300			
5	1954	300			
5	2374	300			
5	2794	300			
5	3214	300			
5	3634	300			
5	4096	300			
5	4411	300			
5	4726	300			
5	5104	300			
5	5419	300			
5	5734	300			
5	6112	300			
5	6427	300			
5	6742	300			
5	7120	300			
5	7435	300			
5	7750	300			
5	8065	300			
5	10121	300			
5	10122	300			
5	10123	150			
5	10124	300			
5	10125	300			
5	10126	300			
5	10127	300			
5	10128	300			
5	10129	150			
5	10130	300			
5	10131	150			
5	10132	300			
5	10133	300			
5	10134	300			
5	10135	300			
5	10136	300			
5	10196	300			
5	10193	50			
5	10194	50			
205	44	300			
205	275	300			
205	695	300			
205	1115	300			
205	1535	300			
205	1955	300			
205	2375	300			
205	2795	300			
205	3215	300			
205	3635	300			
205	4097	300			
205	4412	300			
205	4727	300			
205	5105	300			
205	5420	300			
205	5735	300			
205	6113	300			
205	6428	300			
205	6743	300			
205	7121	300			
205	7436	300			
205	7751	300			
205	8066	300			
205	10121	300			
205	10122	300			
205	10123	150			
205	10124	300			
205	10125	300			
205	10126	300			
205	10127	300			
205	10128	300			
205	10129	150			
205	10130	300			
205	10131	150			
205	10132	300			
205	10133	300			
205	10134	300			
205	10135	300			
205	10136	300			
205	10196	300			
205	10193	50			
205	10194	50			
305	45	300			
305	276	300			
305	696	300			
305	1116	300			
305	1536	300			
305	1956	300			
305	2376	300			
305	2796	300			
305	3216	300			
305	3636	300			
305	4098	300			
305	4413	300			
305	4728	300			
305	5106	300			
305	5421	300			
305	5736	300			
305	6114	300			
305	6429	300			
305	6744	300			
305	7122	300			
305	7437	300			
305	7752	300			
305	8067	300			
305	10121	300			
305	10122	300			
305	10123	150			
305	10124	300			
305	10125	300			
305	10126	300			
305	10127	300			
305	10128	300			
305	10129	150			
305	10130	300			
305	10131	150			
305	10132	300			
305	10133	300			
305	10134	300			
305	10135	300			
305	10136	300			
305	10196	300			
305	10193	50			
305	10194	50			
405	46	300			
405	277	300			
405	697	300			
405	1117	300			
405	1537	300			
405	1957	300			
405	2377	300			
405	2797	300			
405	3217	300			
405	3637	300			
405	4099	300			
405	4414	300			
405	4729	300			
405	5107	300			
405	5422	300			
405	5737	300			
405	6115	300			
405	6430	300			
405	6745	300			
405	7123	300			
405	7438	300			
405	7753	300			
405	8068	300			
405	10121	300			
405	10122	300			
405	10123	150			
405	10124	300			
405	10125	300			
405	10126	300			
405	10127	300			
405	10128	300			
405	10129	150			
405	10130	300			
405	10131	150			
405	10132	300			
405	10133	300			
405	10134	300			
405	10135	300			
405	10136	300			
405	10196	300			
405	10193	50			
405	10194	50			
505	47	300			
505	278	300			
505	698	300			
505	1118	300			
505	1538	300			
505	1958	300			
505	2378	300			
505	2798	300			
505	3218	300			
505	3638	300			
505	4100	300			
505	4415	300			
505	4730	300			
505	5108	300			
505	5423	300			
505	5738	300			
505	6116	300			
505	6431	300			
505	6746	300			
505	7124	300			
505	7439	300			
505	7754	300			
505	8069	300			
505	10121	300			
505	10122	300			
505	10123	150			
505	10124	300			
505	10125	300			
505	10126	300			
505	10127	300			
505	10128	300			
505	10129	150			
505	10130	300			
505	10131	150			
505	10132	300			
505	10133	300			
505	10134	300			
505	10135	300			
505	10136	300			
505	10196	300			
505	10193	50			
505	10194	50			
605	48	300			
605	279	300			
605	699	300			
605	1119	300			
605	1539	300			
605	1959	300			
605	2379	300			
605	2799	300			
605	3219	300			
605	3639	300			
605	4101	300			
605	4416	300			
605	4731	300			
605	5109	300			
605	5424	300			
605	5739	300			
605	6117	300			
605	6432	300			
605	6747	300			
605	7125	300			
605	7440	300			
605	7755	300			
605	8070	300			
605	10121	300			
605	10122	300			
605	10123	150			
605	10124	300			
605	10125	300			
605	10126	300			
605	10127	300			
605	10128	300			
605	10129	150			
605	10130	300			
605	10131	150			
605	10132	300			
605	10133	300			
605	10134	300			
605	10135	300			
605	10136	300			
605	10196	300			
605	10193	60			
605	10194	60			
6	715	280			
6	1135	280			
6	1555	280			
6	1975	280			
6	2395	280			
6	2815	280			
6	3235	280			
6	3655	280			
6	10108	280			
6	10117	280			
6	10394	280			
6	10397	150			
6	12042	280			
6	12049	280			
6	12073	280			
6	10196	300			
6	10193	50			
6	10194	50			
206	716	280			
206	1136	280			
206	1556	280			
206	1976	280			
206	2396	280			
206	2816	280			
206	3236	280			
206	3656	280			
206	10108	280			
206	10117	280			
206	10394	280			
206	10397	150			
206	12042	280			
206	12049	280			
206	12073	280			
206	10196	300			
206	10193	50			
206	10194	50			
306	717	280			
306	1137	280			
306	1557	280			
306	1977	280			
306	2397	280			
306	2817	280			
306	3237	280			
306	3657	280			
306	10108	280			
306	10117	280			
306	10394	280			
306	10397	150			
306	12042	280			
306	12049	280			
306	12073	280			
306	10196	300			
306	10193	50			
306	10194	50			
406	718	280			
406	1138	280			
406	1558	280			
406	1978	280			
406	2398	280			
406	2818	280			
406	3238	280			
406	3658	280			
406	10108	280			
406	10117	280			
406	10394	280			
406	10397	150			
406	12042	280			
406	12049	280			
406	12073	280			
406	10196	300			
406	10193	50			
406	10194	50			
506	719	280			
506	1139	280			
506	1559	280			
506	1979	280			
506	2399	280			
506	2819	280			
506	3239	280			
506	3659	280			
506	10108	280			
506	10117	280			
506	10394	280			
506	10397	150			
506	12042	280			
506	12049	280			
506	12073	280			
506	10196	300			
506	10193	50			
506	10194	50			
606	720	280			
606	1140	280			
606	1560	280			
606	1980	280			
606	2400	280			
606	2820	280			
606	3240	280			
606	3660	280			
606	10108	280			
606	10117	280			
606	10394	280			
606	10397	150			
606	12042	280			
606	12049	280			
606	12073	280			
606	10196	300			
606	10193	60			
606	10194	60			
7	295	280			
7	736	280			
7	1156	280			
7	1576	280			
7	1996	280			
7	2416	280			
7	2836	280			
7	3256	280			
7	3676	280			
7	4117	280			
7	4432	280			
7	4747	280			
7	5125	280			
7	5440	280			
7	5755	280			
7	6133	280			
7	6448	280			
7	6763	280			
7	7141	280			
7	7456	280			
7	7771	280			
7	8086	280			
7	10109	280			
7	10118	280			
7	12051	280			
7	12075	280			
7	10196	300			
7	10193	50			
7	10194	50			
207	296	280			
207	737	280			
207	1157	280			
207	1577	280			
207	1997	280			
207	2417	280			
207	2837	280			
207	3257	280			
207	3677	280			
207	4118	280			
207	4433	280			
207	4748	280			
207	5126	280			
207	5441	280			
207	5756	280			
207	6134	280			
207	6449	280			
207	6764	280			
207	7142	280			
207	7457	280			
207	7772	280			
207	8087	280			
207	10109	280			
207	10118	280			
207	12051	280			
207	12075	280			
207	10196	300			
207	10193	50			
207	10194	50			
307	297	280			
307	738	280			
307	1158	280			
307	1578	280			
307	1998	280			
307	2418	280			
307	2838	280			
307	3258	280			
307	3678	280			
307	4119	280			
307	4434	280			
307	4749	280			
307	5127	280			
307	5442	280			
307	5757	280			
307	6135	280			
307	6450	280			
307	6765	280			
307	7143	280			
307	7458	280			
307	7773	280			
307	8088	280			
307	10109	280			
307	10118	280			
307	12051	280			
307	12075	280			
307	10196	300			
307	10193	50			
307	10194	50			
407	298	280			
407	739	280			
407	1159	280			
407	1579	280			
407	1999	280			
407	2419	280			
407	2839	280			
407	3259	280			
407	3679	280			
407	4120	280			
407	4435	280			
407	4750	280			
407	5128	280			
407	5443	280			
407	5758	280			
407	6136	280			
407	6451	280			
407	6766	280			
407	7144	280			
407	7459	280			
407	7774	280			
407	8089	280			
407	10109	280			
407	10118	280			
407	12051	280			
407	12075	280			
407	10196	300			
407	10193	50			
407	10194	50			
507	299	280			
507	740	280			
507	1160	280			
507	1580	280			
507	2000	280			
507	2420	280			
507	2840	280			
507	3260	280			
507	3680	280			
507	4121	280			
507	4436	280			
507	4751	280			
507	5129	280			
507	5444	280			
507	5759	280			
507	6137	280			
507	6452	280			
507	6767	280			
507	7145	280			
507	7460	280			
507	7775	280			
507	8090	280			
507	10109	280			
507	10118	280			
507	12051	280			
507	12075	280			
507	10196	300			
507	10193	50			
507	10194	50			
607	300	280			
607	741	280			
607	1161	280			
607	1581	280			
607	2001	280			
607	2421	280			
607	2841	280			
607	3261	280			
607	3681	280			
607	4122	280			
607	4437	280			
607	4752	280			
607	5130	280			
607	5445	280			
607	5760	280			
607	6138	280			
607	6453	280			
607	6768	280			
607	7146	280			
607	7461	280			
607	7776	280			
607	8091	280			
607	10109	280			
607	10118	280			
607	12051	280			
607	12075	280			
607	10196	300			
607	10193	60			
607	10194	60			
8	43	280			
8	337	280			
8	757	280			
8	1177	280			
8	1597	280			
8	2017	280			
8	2437	280			
8	2857	280			
8	3277	280			
8	3697	280			
8	4138	280			
8	4453	280			
8	4768	280			
8	5146	280			
8	5461	280			
8	5776	280			
8	6154	280			
8	6469	280			
8	6784	280			
8	7162	280			
8	7477	280			
8	7792	280			
8	8107	280			
8	10110	150			
8	10119	150			
8	12031	280			
8	12037	280			
8	12040	280			
8	12046	150			
8	12053	280			
8	12077	280			
8	10196	300			
8	10193	50			
8	10194	50			
208	44	280			
208	338	280			
208	758	280			
208	1178	280			
208	1598	280			
208	2018	280			
208	2438	280			
208	2858	280			
208	3278	280			
208	3698	280			
208	4139	280			
208	4454	280			
208	4769	280			
208	5147	280			
208	5462	280			
208	5777	280			
208	6155	280			
208	6470	280			
208	6785	280			
208	7163	280			
208	7478	280			
208	7793	280			
208	8108	280			
208	10110	150			
208	10119	150			
208	12031	280			
208	12037	280			
208	12040	280			
208	12046	150			
208	12053	280			
208	12077	280			
208	10196	300			
208	10193	50			
208	10194	50			
308	45	280			
308	339	280			
308	759	280			
308	1179	280			
308	1599	280			
308	2019	280			
308	2439	280			
308	2859	280			
308	3279	280			
308	3699	280			
308	4140	280			
308	4455	280			
308	4770	280			
308	5148	280			
308	5463	280			
308	5778	280			
308	6156	280			
308	6471	280			
308	6786	280			
308	7164	280			
308	7479	280			
308	7794	280			
308	8109	280			
308	10110	150			
308	10119	150			
308	12031	280			
308	12037	280			
308	12040	280			
308	12046	150			
308	12053	280			
308	12077	280			
308	10196	300			
308	10193	50			
308	10194	50			
408	46	280			
408	340	280			
408	760	280			
408	1180	280			
408	1600	280			
408	2020	280			
408	2440	280			
408	2860	280			
408	3280	280			
408	3700	280			
408	4141	280			
408	4456	280			
408	4771	280			
408	5149	280			
408	5464	280			
408	5779	280			
408	6157	280			
408	6472	280			
408	6787	280			
408	7165	280			
408	7480	280			
408	7795	280			
408	8110	280			
408	10110	150			
408	10119	150			
408	12031	280			
408	12037	280			
408	12040	280			
408	12046	150			
408	12053	280			
408	12077	280			
408	10196	300			
408	10193	50			
408	10194	50			
508	47	280			
508	341	280			
508	761	280			
508	1181	280			
508	1601	280			
508	2021	280			
508	2441	280			
508	2861	280			
508	3281	280			
508	3701	280			
508	4142	280			
508	4457	280			
508	4772	280			
508	5150	280			
508	5465	280			
508	5780	280			
508	6158	280			
508	6473	280			
508	6788	280			
508	7166	280			
508	7481	280			
508	7796	280			
508	8111	280			
508	10110	150			
508	10119	150			
508	12031	280			
508	12037	280			
508	12040	280			
508	12046	150			
508	12053	280			
508	12077	280			
508	10196	300			
508	10193	50			
508	10194	50			
608	48	280			
608	342	280			
608	762	280			
608	1182	280			
608	1602	280			
608	2022	280			
608	2442	280			
608	2862	280			
608	3282	280			
608	3702	280			
608	4143	280			
608	4458	280			
608	4773	280			
608	5151	280			
608	5466	280			
608	5781	280			
608	6159	280			
608	6474	280			
608	6789	280			
608	7167	280			
608	7482	280			
608	7797	280			
608	8112	280			
608	10110	150			
608	10119	150			
608	12031	280			
608	12037	280			
608	12040	280			
608	12046	150			
608	12053	280			
608	12077	280			
608	10196	300			
608	10193	60			
608	10194	60			
9	64	280			
9	358	280			
9	778	280			
9	1198	280			
9	1618	280			
9	2038	280			
9	2458	280			
9	2878	280			
9	3298	280			
9	3718	280			
9	4159	280			
9	4474	280			
9	4789	280			
9	5167	280			
9	5482	280			
9	5797	280			
9	6175	280			
9	6490	280			
9	6805	280			
9	7183	280			
9	7498	280			
9	7813	280			
9	8128	280			
9	10111	280			
9	10120	280			
9	12067	280			
9	12079	280			
9	10196	300			
9	10193	50			
9	10194	50			
209	65	280			
209	359	280			
209	779	280			
209	1199	280			
209	1619	280			
209	2039	280			
209	2459	280			
209	2879	280			
209	3299	280			
209	3719	280			
209	4160	280			
209	4475	280			
209	4790	280			
209	5168	280			
209	5483	280			
209	5798	280			
209	6176	280			
209	6491	280			
209	6806	280			
209	7184	280			
209	7499	280			
209	7814	280			
209	8129	280			
209	10111	280			
209	10120	280			
209	12067	280			
209	12079	280			
209	10196	300			
209	10193	50			
209	10194	50			
309	66	280			
309	360	280			
309	780	280			
309	1200	280			
309	1620	280			
309	2040	280			
309	2460	280			
309	2880	280			
309	3300	280			
309	3720	280			
309	4161	280			
309	4476	280			
309	4791	280			
309	5169	280			
309	5484	280			
309	5799	280			
309	6177	280			
309	6492	280			
309	6807	280			
309	7185	280			
309	7500	280			
309	7815	280			
309	8130	280			
309	10111	280			
309	10120	280			
309	12067	280			
309	12079	280			
309	10196	300			
309	10193	50			
309	10194	50			
409	67	280			
409	361	280			
409	781	280			
409	1201	280			
409	1621	280			
409	2041	280			
409	2461	280			
409	2881	280			
409	3301	280			
409	3721	280			
409	4162	280			
409	4477	280			
409	4792	280			
409	5170	280			
409	5485	280			
409	5800	280			
409	6178	280			
409	6493	280			
409	6808	280			
409	7186	280			
409	7501	280			
409	7816	280			
409	8131	280			
409	10111	280			
409	10120	280			
409	12067	280			
409	12079	280			
409	10196	300			
409	10193	50			
409	10194	50			
509	68	280			
509	362	280			
509	782	280			
509	1202	280			
509	1622	280			
509	2042	280			
509	2462	280			
509	2882	280			
509	3302	280			
509	3722	280			
509	4163	280			
509	4478	280			
509	4793	280			
509	5171	280			
509	5486	280			
509	5801	280			
509	6179	280			
509	6494	280			
509	6809	280			
509	7187	280			
509	7502	280			
509	7817	280			
509	8132	280			
509	10111	280			
509	10120	280			
509	12067	280			
509	12079	280			
509	10196	300			
509	10193	50			
509	10194	50			
609	69	280			
609	363	280			
609	783	280			
609	1203	280			
609	1623	280			
609	2043	280			
609	2463	280			
609	2883	280			
609	3303	280			
609	3723	280			
609	4164	280			
609	4479	280			
609	4794	280			
609	5172	280			
609	5487	280			
609	5802	280			
609	6180	280			
609	6495	280			
609	6810	280			
609	7188	280			
609	7503	280			
609	7818	280			
609	8133	280			
609	10111	280			
609	10120	280			
609	12067	280			
609	12079	280			
609	10196	300			
609	10193	60			
609	10194	60			
10	316	280			
10	379	280			
10	799	280			
10	1219	280			
10	1639	280			
10	2059	280			
10	2479	280			
10	2899	280			
10	3319	280			
10	3739	280			
10	4180	280			
10	4495	280			
10	4810	280			
10	5188	280			
10	5503	280			
10	5818	280			
10	6196	280			
10	6511	280			
10	6826	280			
10	7204	280			
10	7519	280			
10	7834	280			
10	8149	280			
10	12033	280			
10	12050	280			
10	12055	280			
10	12074	280			
10	12081	280			
10	10196	300			
10	10193	50			
10	10194	50			
210	317	280			
210	380	280			
210	800	280			
210	1220	280			
210	1640	280			
210	2060	280			
210	2480	280			
210	2900	280			
210	3320	280			
210	3740	280			
210	4181	280			
210	4496	280			
210	4811	280			
210	5189	280			
210	5504	280			
210	5819	280			
210	6197	280			
210	6512	280			
210	6827	280			
210	7205	280			
210	7520	280			
210	7835	280			
210	8150	280			
210	12033	280			
210	12050	280			
210	12055	280			
210	12074	280			
210	12081	280			
210	10196	300			
210	10193	50			
210	10194	50			
310	318	280			
310	381	280			
310	801	280			
310	1221	280			
310	1641	280			
310	2061	280			
310	2481	280			
310	2901	280			
310	3321	280			
310	3741	280			
310	4182	280			
310	4497	280			
310	4812	280			
310	5190	280			
310	5505	280			
310	5820	280			
310	6198	280			
310	6513	280			
310	6828	280			
310	7206	280			
310	7521	280			
310	7836	280			
310	8151	280			
310	12033	280			
310	12050	280			
310	12055	280			
310	12074	280			
310	12081	280			
310	10196	300			
310	10193	50			
310	10194	50			
410	319	280			
410	382	280			
410	802	280			
410	1222	280			
410	1642	280			
410	2062	280			
410	2482	280			
410	2902	280			
410	3322	280			
410	3742	280			
410	4183	280			
410	4498	280			
410	4813	280			
410	5191	280			
410	5506	280			
410	5821	280			
410	6199	280			
410	6514	280			
410	6829	280			
410	7207	280			
410	7522	280			
410	7837	280			
410	8152	280			
410	12033	280			
410	12050	280			
410	12055	280			
410	12074	280			
410	12081	280			
410	10196	300			
410	10193	50			
410	10194	50			
510	320	280			
510	383	280			
510	803	280			
510	1223	280			
510	1643	280			
510	2063	280			
510	2483	280			
510	2903	280			
510	3323	280			
510	3743	280			
510	4184	280			
510	4499	280			
510	4814	280			
510	5192	280			
510	5507	280			
510	5822	280			
510	6200	280			
510	6515	280			
510	6830	280			
510	7208	280			
510	7523	280			
510	7838	280			
510	8153	280			
510	12033	280			
510	12050	280			
510	12055	280			
510	12074	280			
510	12081	280			
510	10196	300			
510	10193	50			
510	10194	50			
610	321	280			
610	384	280			
610	804	280			
610	1224	280			
610	1644	280			
610	2064	280			
610	2484	280			
610	2904	280			
610	3324	280			
610	3744	280			
610	4185	280			
610	4500	280			
610	4815	280			
610	5193	280			
610	5508	280			
610	5823	280			
610	6201	280			
610	6516	280			
610	6831	280			
610	7209	280			
610	7524	280			
610	7839	280			
610	8154	280			
610	12033	280			
610	12050	280			
610	12055	280			
610	12074	280			
610	12081	280			
610	10196	300			
610	10193	60			
610	10194	60			
11	400	260			
11	820	260			
11	1240	260			
11	1660	260			
11	2080	260			
11	2500	260			
11	2920	260			
11	3340	260			
11	3760	260			
11	10386	260			
11	10389	260			
11	12052	260			
11	12076	260			
11	10196	300			
11	10193	50			
11	10194	50			
211	401	260			
211	821	260			
211	1241	260			
211	1661	260			
211	2081	260			
211	2501	260			
211	2921	260			
211	3341	260			
211	3761	260			
211	10386	260			
211	10389	260			
211	12052	260			
211	12076	260			
211	10196	300			
211	10193	50			
211	10194	50			
311	402	260			
311	822	260			
311	1242	260			
311	1662	260			
311	2082	260			
311	2502	260			
311	2922	260			
311	3342	260			
311	3762	260			
311	10386	260			
311	10389	260			
311	12052	260			
311	12076	260			
311	10196	300			
311	10193	50			
311	10194	50			
411	403	260			
411	823	260			
411	1243	260			
411	1663	260			
411	2083	260			
411	2503	260			
411	2923	260			
411	3343	260			
411	3763	260			
411	10386	260			
411	10389	260			
411	12052	260			
411	12076	260			
411	10196	300			
411	10193	50			
411	10194	50			
511	404	260			
511	824	260			
511	1244	260			
511	1664	260			
511	2084	260			
511	2504	260			
511	2924	260			
511	3344	260			
511	3764	260			
511	10386	260			
511	10389	260			
511	12052	260			
511	12076	260			
511	10196	300			
511	10193	50			
511	10194	50			
611	405	260			
611	825	260			
611	1245	260			
611	1665	260			
611	2085	260			
611	2505	260			
611	2925	260			
611	3345	260			
611	3765	260			
611	10386	260			
611	10389	260			
611	12052	260			
611	12076	260			
611	10196	300			
611	10193	60			
611	10194	60			
17	421	260			
17	841	260			
17	1261	260			
17	1681	260			
17	2101	260			
17	2521	260			
17	2941	260			
17	3361	260			
17	3781	260			
17	4201	260			
17	4516	260			
17	4831	260			
17	5209	260			
17	5524	260			
17	5839	260			
17	6217	260			
17	6532	260			
17	6847	260			
17	7225	260			
17	7540	260			
17	7855	260			
17	8170	260			
17	10387	260			
17	10390	260			
17	12032	260			
17	12035	260			
17	12041	260			
17	12044	150			
17	12054	260			
17	12059	260			
17	12078	260			
17	12087	260			
17	10196	300			
17	10193	50			
17	10194	50			
217	422	260			
217	842	260			
217	1262	260			
217	1682	260			
217	2102	260			
217	2522	260			
217	2942	260			
217	3362	260			
217	3782	260			
217	4202	260			
217	4517	260			
217	4832	260			
217	5210	260			
217	5525	260			
217	5840	260			
217	6218	260			
217	6533	260			
217	6848	260			
217	7226	260			
217	7541	260			
217	7856	260			
217	8171	260			
217	10387	260			
217	10390	260			
217	12032	260			
217	12035	260			
217	12041	260			
217	12044	150			
217	12054	260			
217	12059	260			
217	12078	260			
217	12087	260			
217	10196	300			
217	10193	50			
217	10194	50			
317	423	260			
317	843	260			
317	1263	260			
317	1683	260			
317	2103	260			
317	2523	260			
317	2943	260			
317	3363	260			
317	3783	260			
317	4203	260			
317	4518	260			
317	4833	260			
317	5211	260			
317	5526	260			
317	5841	260			
317	6219	260			
317	6534	260			
317	6849	260			
317	7227	260			
317	7542	260			
317	7857	260			
317	8172	260			
317	10387	260			
317	10390	260			
317	12032	260			
317	12035	260			
317	12041	260			
317	12044	150			
317	12054	260			
317	12059	260			
317	12078	260			
317	12087	260			
317	10196	300			
317	10193	50			
317	10194	50			
417	424	260			
417	844	260			
417	1264	260			
417	1684	260			
417	2104	260			
417	2524	260			
417	2944	260			
417	3364	260			
417	3784	260			
417	4204	260			
417	4519	260			
417	4834	260			
417	5212	260			
417	5527	260			
417	5842	260			
417	6220	260			
417	6535	260			
417	6850	260			
417	7228	260			
417	7543	260			
417	7858	260			
417	8173	260			
417	10387	260			
417	10390	260			
417	12032	260			
417	12035	260			
417	12041	260			
417	12044	150			
417	12054	260			
417	12059	260			
417	12078	260			
417	12087	260			
417	10196	300			
417	10193	50			
417	10194	50			
517	425	260			
517	845	260			
517	1265	260			
517	1685	260			
517	2105	260			
517	2525	260			
517	2945	260			
517	3365	260			
517	3785	260			
517	4205	260			
517	4520	260			
517	4835	260			
517	5213	260			
517	5528	260			
517	5843	260			
517	6221	260			
517	6536	260			
517	6851	260			
517	7229	260			
517	7544	260			
517	7859	260			
517	8174	260			
517	10387	260			
517	10390	260			
517	12032	260			
517	12035	260			
517	12041	260			
517	12044	150			
517	12054	260			
517	12059	260			
517	12078	260			
517	12087	260			
517	10196	300			
517	10193	50			
517	10194	50			
617	426	260			
617	846	260			
617	1266	260			
617	1686	260			
617	2106	260			
617	2526	260			
617	2946	260			
617	3366	260			
617	3786	260			
617	4206	260			
617	4521	260			
617	4836	260			
617	5214	260			
617	5529	260			
617	5844	260			
617	6222	260			
617	6537	260			
617	6852	260			
617	7230	260			
617	7545	260			
617	7860	260			
617	8175	260			
617	10387	260			
617	10390	260			
617	12032	260			
617	12035	260			
617	12041	260			
617	12044	150			
617	12054	260			
617	12059	260			
617	12078	260			
617	12087	260			
617	10196	300			
617	10193	60			
617	10194	60			
12	85	260			
12	442	260			
12	862	260			
12	1282	260			
12	1702	260			
12	2122	260			
12	2542	260			
12	2962	260			
12	3382	260			
12	3802	260			
12	4222	260			
12	4537	260			
12	4852	260			
12	5230	260			
12	5545	260			
12	5860	260			
12	6238	260			
12	6553	260			
12	6868	260			
12	7246	260			
12	7561	260			
12	7876	260			
12	8191	260			
12	10388	150			
12	10391	150			
12	12061	260			
12	12068	260			
12	12080	260			
12	12089	260			
12	10196	300			
12	10193	50			
12	10194	50			
212	86	260			
212	443	260			
212	863	260			
212	1283	260			
212	1703	260			
212	2123	260			
212	2543	260			
212	2963	260			
212	3383	260			
212	3803	260			
212	4223	260			
212	4538	260			
212	4853	260			
212	5231	260			
212	5546	260			
212	5861	260			
212	6239	260			
212	6554	260			
212	6869	260			
212	7247	260			
212	7562	260			
212	7877	260			
212	8192	260			
212	10388	150			
212	10391	150			
212	12061	260			
212	12068	260			
212	12080	260			
212	12089	260			
212	10196	300			
212	10193	50			
212	10194	50			
312	87	260			
312	444	260			
312	864	260			
312	1284	260			
312	1704	260			
312	2124	260			
312	2544	260			
312	2964	260			
312	3384	260			
312	3804	260			
312	4224	260			
312	4539	260			
312	4854	260			
312	5232	260			
312	5547	260			
312	5862	260			
312	6240	260			
312	6555	260			
312	6870	260			
312	7248	260			
312	7563	260			
312	7878	260			
312	8193	260			
312	10388	150			
312	10391	150			
312	12061	260			
312	12068	260			
312	12080	260			
312	12089	260			
312	10196	300			
312	10193	50			
312	10194	50			
412	88	260			
412	445	260			
412	865	260			
412	1285	260			
412	1705	260			
412	2125	260			
412	2545	260			
412	2965	260			
412	3385	260			
412	3805	260			
412	4225	260			
412	4540	260			
412	4855	260			
412	5233	260			
412	5548	260			
412	5863	260			
412	6241	260			
412	6556	260			
412	6871	260			
412	7249	260			
412	7564	260			
412	7879	260			
412	8194	260			
412	10388	150			
412	10391	150			
412	12061	260			
412	12068	260			
412	12080	260			
412	12089	260			
412	10196	300			
412	10193	50			
412	10194	50			
512	89	260			
512	446	260			
512	866	260			
512	1286	260			
512	1706	260			
512	2126	260			
512	2546	260			
512	2966	260			
512	3386	260			
512	3806	260			
512	4226	260			
512	4541	260			
512	4856	260			
512	5234	260			
512	5549	260			
512	5864	260			
512	6242	260			
512	6557	260			
512	6872	260			
512	7250	260			
512	7565	260			
512	7880	260			
512	8195	260			
512	10388	150			
512	10391	150			
512	12061	260			
512	12068	260			
512	12080	260			
512	12089	260			
512	10196	300			
512	10193	50			
512	10194	50			
612	90	260			
612	447	260			
612	867	260			
612	1287	260			
612	1707	260			
612	2127	260			
612	2547	260			
612	2967	260			
612	3387	260			
612	3807	260			
612	4227	260			
612	4542	260			
612	4857	260			
612	5235	260			
612	5550	260			
612	5865	260			
612	6243	260			
612	6558	260			
612	6873	260			
612	7251	260			
612	7566	260			
612	7881	260			
612	8196	260			
612	10388	150			
612	10391	150			
612	12061	260			
612	12068	260			
612	12080	260			
612	12089	260			
612	10196	300			
612	10193	60			
612	10194	60			
13	106	260			
13	463	260			
13	883	260			
13	1303	260			
13	1723	260			
13	2143	260			
13	2563	260			
13	2983	260			
13	3403	260			
13	3823	260			
13	4243	260			
13	4558	260			
13	4873	260			
13	5251	260			
13	5566	260			
13	5881	260			
13	6259	260			
13	6574	260			
13	6889	260			
13	7267	260			
13	7582	260			
13	7897	260			
13	8212	260			
13	12034	150			
13	12038	260			
13	12043	260			
13	12047	150			
13	12056	150			
13	12063	150			
13	12082	150			
13	12083	150			
13	10196	300			
13	10193	50			
13	10194	50			
213	107	260			
213	464	260			
213	884	260			
213	1304	260			
213	1724	260			
213	2144	260			
213	2564	260			
213	2984	260			
213	3404	260			
213	3824	260			
213	4244	260			
213	4559	260			
213	4874	260			
213	5252	260			
213	5567	260			
213	5882	260			
213	6260	260			
213	6575	260			
213	6890	260			
213	7268	260			
213	7583	260			
213	7898	260			
213	8213	260			
213	12034	150			
213	12038	260			
213	12043	260			
213	12047	150			
213	12056	150			
213	12063	150			
213	12082	150			
213	12083	150			
213	10196	300			
213	10193	50			
213	10194	50			
313	108	260			
313	465	260			
313	885	260			
313	1305	260			
313	1725	260			
313	2145	260			
313	2565	260			
313	2985	260			
313	3405	260			
313	3825	260			
313	4245	260			
313	4560	260			
313	4875	260			
313	5253	260			
313	5568	260			
313	5883	260			
313	6261	260			
313	6576	260			
313	6891	260			
313	7269	260			
313	7584	260			
313	7899	260			
313	8214	260			
313	12034	150			
313	12038	260			
313	12043	260			
313	12047	150			
313	12056	150			
313	12063	150			
313	12082	150			
313	12083	150			
313	10196	300			
313	10193	50			
313	10194	50			
413	109	260			
413	466	260			
413	886	260			
413	1306	260			
413	1726	260			
413	2146	260			
413	2566	260			
413	2986	260			
413	3406	260			
413	3826	260			
413	4246	260			
413	4561	260			
413	4876	260			
413	5254	260			
413	5569	260			
413	5884	260			
413	6262	260			
413	6577	260			
413	6892	260			
413	7270	260			
413	7585	260			
413	7900	260			
413	8215	260			
413	12034	150			
413	12038	260			
413	12043	260			
413	12047	150			
413	12056	150			
413	12063	150			
413	12082	150			
413	12083	150			
413	10196	300			
413	10193	50			
413	10194	50			
513	110	260			
513	467	260			
513	887	260			
513	1307	260			
513	1727	260			
513	2147	260			
513	2567	260			
513	2987	260			
513	3407	260			
513	3827	260			
513	4247	260			
513	4562	260			
513	4877	260			
513	5255	260			
513	5570	260			
513	5885	260			
513	6263	260			
513	6578	260			
513	6893	260			
513	7271	260			
513	7586	260			
513	7901	260			
513	8216	260			
513	12034	150			
513	12038	260			
513	12043	260			
513	12047	150			
513	12056	150			
513	12063	150			
513	12082	150			
513	12083	150			
513	10196	300			
513	10193	50			
513	10194	50			
613	111	260			
613	468	260			
613	888	260			
613	1308	260			
613	1728	260			
613	2148	260			
613	2568	260			
613	2988	260			
613	3408	260			
613	3828	260			
613	4248	260			
613	4563	260			
613	4878	260			
613	5256	260			
613	5571	260			
613	5886	260			
613	6264	260			
613	6579	260			
613	6894	260			
613	7272	260			
613	7587	260			
613	7902	260			
613	8217	260			
613	12034	150			
613	12038	260			
613	12043	260			
613	12047	150			
613	12056	150			
613	12063	150			
613	12082	150			
613	12083	150			
613	10196	300			
613	10193	60			
613	10194	60			
14	127	260			
14	484	260			
14	904	260			
14	1324	260			
14	1744	260			
14	2164	260			
14	2584	260			
14	3004	260			
14	3424	260			
14	3844	260			
14	4264	260			
14	4579	260			
14	4894	260			
14	5272	260			
14	5587	260			
14	5902	260			
14	6280	260			
14	6595	260			
14	6910	260			
14	7288	260			
14	7603	260			
14	7918	260			
14	8233	260			
14	12065	260			
14	12091	260			
14	10196	300			
14	10193	50			
14	10194	50			
214	128	260			
214	485	260			
214	905	260			
214	1325	260			
214	1745	260			
214	2165	260			
214	2585	260			
214	3005	260			
214	3425	260			
214	3845	260			
214	4265	260			
214	4580	260			
214	4895	260			
214	5273	260			
214	5588	260			
214	5903	260			
214	6281	260			
214	6596	260			
214	6911	260			
214	7289	260			
214	7604	260			
214	7919	260			
214	8234	260			
214	12065	260			
214	12091	260			
214	10196	300			
214	10193	50			
214	10194	50			
314	129	260			
314	486	260			
314	906	260			
314	1326	260			
314	1746	260			
314	2166	260			
314	2586	260			
314	3006	260			
314	3426	260			
314	3846	260			
314	4266	260			
314	4581	260			
314	4896	260			
314	5274	260			
314	5589	260			
314	5904	260			
314	6282	260			
314	6597	260			
314	6912	260			
314	7290	260			
314	7605	260			
314	7920	260			
314	8235	260			
314	12065	260			
314	12091	260			
314	10196	300			
314	10193	50			
314	10194	50			
414	130	260			
414	487	260			
414	907	260			
414	1327	260			
414	1747	260			
414	2167	260			
414	2587	260			
414	3007	260			
414	3427	260			
414	3847	260			
414	4267	260			
414	4582	260			
414	4897	260			
414	5275	260			
414	5590	260			
414	5905	260			
414	6283	260			
414	6598	260			
414	6913	260			
414	7291	260			
414	7606	260			
414	7921	260			
414	8236	260			
414	12065	260			
414	12091	260			
414	10196	300			
414	10193	50			
414	10194	50			
514	131	260			
514	488	260			
514	908	260			
514	1328	260			
514	1748	260			
514	2168	260			
514	2588	260			
514	3008	260			
514	3428	260			
514	3848	260			
514	4268	260			
514	4583	260			
514	4898	260			
514	5276	260			
514	5591	260			
514	5906	260			
514	6284	260			
514	6599	260			
514	6914	260			
514	7292	260			
514	7607	260			
514	7922	260			
514	8237	260			
514	12065	260			
514	12091	260			
514	10196	300			
514	10193	50			
514	10194	50			
614	132	260			
614	489	260			
614	909	260			
614	1329	260			
614	1749	260			
614	2169	260			
614	2589	260			
614	3009	260			
614	3429	260			
614	3849	260			
614	4269	260			
614	4584	260			
614	4899	260			
614	5277	260			
614	5592	260			
614	5907	260			
614	6285	260			
614	6600	260			
614	6915	260			
614	7293	260			
614	7608	260			
614	7923	260			
614	8238	260			
614	12065	260			
614	12091	260			
614	10196	300			
614	10193	60			
614	10194	60			
15	505	240			
15	925	240			
15	1345	240			
15	1765	240			
15	2185	240			
15	2605	240			
15	3025	240			
15	3445	240			
15	3865	240			
15	12036	150			
15	12045	150			
15	12060	240			
15	12088	240			
15	10196	300			
15	10193	50			
15	10194	50			
215	506	240			
215	926	240			
215	1346	240			
215	1766	240			
215	2186	240			
215	2606	240			
215	3026	240			
215	3446	240			
215	3866	240			
215	12036	150			
215	12045	150			
215	12060	240			
215	12088	240			
215	10196	300			
215	10193	50			
215	10194	50			
315	507	240			
315	927	240			
315	1347	240			
315	1767	240			
315	2187	240			
315	2607	240			
315	3027	240			
315	3447	240			
315	3867	240			
315	12036	150			
315	12045	150			
315	12060	240			
315	12088	240			
315	10196	300			
315	10193	50			
315	10194	50			
415	508	240			
415	928	240			
415	1348	240			
415	1768	240			
415	2188	240			
415	2608	240			
415	3028	240			
415	3448	240			
415	3868	240			
415	12036	150			
415	12045	150			
415	12060	240			
415	12088	240			
415	10196	300			
415	10193	50			
415	10194	50			
515	509	240			
515	929	240			
515	1349	240			
515	1769	240			
515	2189	240			
515	2609	240			
515	3029	240			
515	3449	240			
515	3869	240			
515	12036	150			
515	12045	150			
515	12060	240			
515	12088	240			
515	10196	300			
515	10193	50			
515	10194	50			
615	510	240			
615	930	240			
615	1350	240			
615	1770	240			
615	2190	240			
615	2610	240			
615	3030	240			
615	3450	240			
615	3870	240			
615	12036	150			
615	12045	150			
615	12060	240			
615	12088	240			
615	10196	300			
615	10193	60			
615	10194	60			
16	526	240			
16	946	240			
16	1366	240			
16	1786	240			
16	2206	240			
16	2626	240			
16	3046	240			
16	3466	240			
16	3886	240			
16	12062	240			
16	12069	240			
16	12090	150			
16	12093	240			
16	10196	300			
16	10193	50			
16	10194	50			
216	527	240			
216	947	240			
216	1367	240			
216	1787	240			
216	2207	240			
216	2627	240			
216	3047	240			
216	3467	240			
216	3887	240			
216	12062	240			
216	12069	240			
216	12090	150			
216	12093	240			
216	10196	300			
216	10193	50			
216	10194	50			
316	528	240			
316	948	240			
316	1368	240			
316	1788	240			
316	2208	240			
316	2628	240			
316	3048	240			
316	3468	240			
316	3888	240			
316	12062	240			
316	12069	240			
316	12090	150			
316	12093	240			
316	10196	300			
316	10193	50			
316	10194	50			
416	529	240			
416	949	240			
416	1369	240			
416	1789	240			
416	2209	240			
416	2629	240			
416	3049	240			
416	3469	240			
416	3889	240			
416	12062	240			
416	12069	240			
416	12090	150			
416	12093	240			
416	10196	300			
416	10193	50			
416	10194	50			
516	530	240			
516	950	240			
516	1370	240			
516	1790	240			
516	2210	240			
516	2630	240			
516	3050	240			
516	3470	240			
516	3890	240			
516	12062	240			
516	12069	240			
516	12090	150			
516	12093	240			
516	10196	300			
516	10193	50			
516	10194	50			
616	531	240			
616	951	240			
616	1371	240			
616	1791	240			
616	2211	240			
616	2631	240			
616	3051	240			
616	3471	240			
616	3891	240			
616	12062	240			
616	12069	240			
616	12090	150			
616	12093	240			
616	10196	300			
616	10193	60			
616	10194	60			
18	547	240			
18	967	240			
18	1387	240			
18	1807	240			
18	2227	240			
18	2647	240			
18	3067	240			
18	3487	240			
18	3907	240			
18	4285	240			
18	4600	240			
18	4915	240			
18	5293	240			
18	5608	240			
18	5923	240			
18	6301	240			
18	6616	240			
18	6931	240			
18	7309	240			
18	7624	240			
18	7939	240			
18	8254	240			
18	12039	240			
18	12048	150			
18	12064	150			
18	12071	240			
18	12084	150			
18	12095	240			
18	10196	300			
18	10193	50			
18	10194	50			
218	548	240			
218	968	240			
218	1388	240			
218	1808	240			
218	2228	240			
218	2648	240			
218	3068	240			
218	3488	240			
218	3908	240			
218	4286	240			
218	4601	240			
218	4916	240			
218	5294	240			
218	5609	240			
218	5924	240			
218	6302	240			
218	6617	240			
218	6932	240			
218	7310	240			
218	7625	240			
218	7940	240			
218	8255	240			
218	12039	240			
218	12048	150			
218	12064	150			
218	12071	240			
218	12084	150			
218	12095	240			
218	10196	300			
218	10193	50			
218	10194	50			
318	549	240			
318	969	240			
318	1389	240			
318	1809	240			
318	2229	240			
318	2649	240			
318	3069	240			
318	3489	240			
318	3909	240			
318	4287	240			
318	4602	240			
318	4917	240			
318	5295	240			
318	5610	240			
318	5925	240			
318	6303	240			
318	6618	240			
318	6933	240			
318	7311	240			
318	7626	240			
318	7941	240			
318	8256	240			
318	12039	240			
318	12048	150			
318	12064	150			
318	12071	240			
318	12084	150			
318	12095	240			
318	10196	300			
318	10193	50			
318	10194	50			
418	550	240			
418	970	240			
418	1390	240			
418	1810	240			
418	2230	240			
418	2650	240			
418	3070	240			
418	3490	240			
418	3910	240			
418	4288	240			
418	4603	240			
418	4918	240			
418	5296	240			
418	5611	240			
418	5926	240			
418	6304	240			
418	6619	240			
418	6934	240			
418	7312	240			
418	7627	240			
418	7942	240			
418	8257	240			
418	12039	240			
418	12048	150			
418	12064	150			
418	12071	240			
418	12084	150			
418	12095	240			
418	10196	300			
418	10193	50			
418	10194	50			
518	551	240			
518	971	240			
518	1391	240			
518	1811	240			
518	2231	240			
518	2651	240			
518	3071	240			
518	3491	240			
518	3911	240			
518	4289	240			
518	4604	240			
518	4919	240			
518	5297	240			
518	5612	240			
518	5927	240			
518	6305	240			
518	6620	240			
518	6935	240			
518	7313	240			
518	7628	240			
518	7943	240			
518	8258	240			
518	12039	240			
518	12048	150			
518	12064	150			
518	12071	240			
518	12084	150			
518	12095	240			
518	10196	300			
518	10193	50			
518	10194	50			
618	552	240			
618	972	240			
618	1392	240			
618	1812	240			
618	2232	240			
618	2652	240			
618	3072	240			
618	3492	240			
618	3912	240			
618	4290	240			
618	4605	240			
618	4920	240			
618	5298	240			
618	5613	240			
618	5928	240			
618	6306	240			
618	6621	240			
618	6936	240			
618	7314	240			
618	7629	240			
618	7944	240			
618	8259	240			
618	12039	240			
618	12048	150			
618	12064	150			
618	12071	240			
618	12084	150			
618	12095	240			
618	10196	300			
618	10193	60			
618	10194	60			
19	148	240			
19	568	240			
19	988	240			
19	1408	240			
19	1828	240			
19	2248	240			
19	2668	240			
19	3088	240			
19	3508	240			
19	3928	240			
19	4306	240			
19	4621	240			
19	4936	240			
19	5314	240			
19	5629	240			
19	5944	240			
19	6322	240			
19	6637	240			
19	6952	240			
19	7330	240			
19	7645	240			
19	7960	240			
19	8275	240			
19	12057	150			
19	12066	150			
19	12085	150			
19	12092	240			
19	10196	300			
19	10193	50			
19	10194	50			
219	149	240			
219	569	240			
219	989	240			
219	1409	240			
219	1829	240			
219	2249	240			
219	2669	240			
219	3089	240			
219	3509	240			
219	3929	240			
219	4307	240			
219	4622	240			
219	4937	240			
219	5315	240			
219	5630	240			
219	5945	240			
219	6323	240			
219	6638	240			
219	6953	240			
219	7331	240			
219	7646	240			
219	7961	240			
219	8276	240			
219	12057	150			
219	12066	150			
219	12085	150			
219	12092	240			
219	10196	300			
219	10193	50			
219	10194	50			
319	150	240			
319	570	240			
319	990	240			
319	1410	240			
319	1830	240			
319	2250	240			
319	2670	240			
319	3090	240			
319	3510	240			
319	3930	240			
319	4308	240			
319	4623	240			
319	4938	240			
319	5316	240			
319	5631	240			
319	5946	240			
319	6324	240			
319	6639	240			
319	6954	240			
319	7332	240			
319	7647	240			
319	7962	240			
319	8277	240			
319	12057	150			
319	12066	150			
319	12085	150			
319	12092	240			
319	10196	300			
319	10193	50			
319	10194	50			
419	151	240			
419	571	240			
419	991	240			
419	1411	240			
419	1831	240			
419	2251	240			
419	2671	240			
419	3091	240			
419	3511	240			
419	3931	240			
419	4309	240			
419	4624	240			
419	4939	240			
419	5317	240			
419	5632	240			
419	5947	240			
419	6325	240			
419	6640	240			
419	6955	240			
419	7333	240			
419	7648	240			
419	7963	240			
419	8278	240			
419	12057	150			
419	12066	150			
419	12085	150			
419	12092	240			
419	10196	300			
419	10193	50			
419	10194	50			
519	152	240			
519	572	240			
519	992	240			
519	1412	240			
519	1832	240			
519	2252	240			
519	2672	240			
519	3092	240			
519	3512	240			
519	3932	240			
519	4310	240			
519	4625	240			
519	4940	240			
519	5318	240			
519	5633	240			
519	5948	240			
519	6326	240			
519	6641	240			
519	6956	240			
519	7334	240			
519	7649	240			
519	7964	240			
519	8279	240			
519	12057	150			
519	12066	150			
519	12085	150			
519	12092	240			
519	10196	300			
519	10193	50			
519	10194	50			
619	153	240			
619	573	240			
619	993	240			
619	1413	240			
619	1833	240			
619	2253	240			
619	2673	240			
619	3093	240			
619	3513	240			
619	3933	240			
619	4311	240			
619	4626	240			
619	4941	240			
619	5319	240			
619	5634	240			
619	5949	240			
619	6327	240			
619	6642	240			
619	6957	240			
619	7335	240			
619	7650	240			
619	7965	240			
619	8280	240			
619	12057	150			
619	12066	150			
619	12085	150			
619	12092	240			
619	10196	300			
619	10193	50			
619	10194	50			
20	169	50			
20	589	50			
20	1009	30			
20	1429	30			
20	1849	50			
20	2269	50			
20	2689	30			
20	3109	30			
20	3529	30			
20	3949	50			
20	4327	50			
20	4642	50			
20	4957	50			
20	5335	50			
20	5650	50			
20	5965	50			
20	6343	50			
20	6658	50			
20	6973	50			
20	7351	50			
20	7666	50			
20	7981	50			
20	8296	50			
20	10196	300			
20	10193	50			
20	10194	50			
220	169	52			
220	589	52			
220	1009	32			
220	1429	32			
220	1849	52			
220	2269	52			
220	2689	32			
220	3109	32			
220	3529	32			
220	3949	52			
220	4327	52			
220	4642	52			
220	4957	52			
220	5335	52			
220	5650	52			
220	5965	52			
220	6343	52			
220	6658	52			
220	6973	52			
220	7351	52			
220	7666	52			
220	7981	52			
220	8296	52			
220	10196	300			
220	10193	50			
220	10194	50			
320	169	54			
320	589	54			
320	1009	34			
320	1429	34			
320	1849	54			
320	2269	54			
320	2689	34			
320	3109	34			
320	3529	34			
320	3949	54			
320	4327	54			
320	4642	54			
320	4957	54			
320	5335	54			
320	5650	54			
320	5965	54			
320	6343	54			
320	6658	54			
320	6973	54			
320	7351	54			
320	7666	54			
320	7981	54			
320	8296	54			
320	10196	300			
320	10193	50			
320	10194	50			
420	169	56			
420	589	56			
420	1009	36			
420	1429	36			
420	1849	56			
420	2269	56			
420	2689	36			
420	3109	36			
420	3529	36			
420	3949	56			
420	4327	56			
420	4642	56			
420	4957	56			
420	5335	56			
420	5650	56			
420	5965	56			
420	6343	56			
420	6658	56			
420	6973	56			
420	7351	56			
420	7666	56			
420	7981	56			
420	8296	56			
420	10196	300			
420	10193	50			
420	10194	50			
520	169	58			
520	589	58			
520	1009	38			
520	1429	38			
520	1849	58			
520	2269	58			
520	2689	38			
520	3109	38			
520	3529	38			
520	3949	58			
520	4327	58			
520	4642	58			
520	4957	58			
520	5335	58			
520	5650	58			
520	5965	58			
520	6343	58			
520	6658	58			
520	6973	58			
520	7351	58			
520	7666	58			
520	7981	58			
520	8296	58			
520	10196	300			
520	10193	50			
520	10194	50			
620	169	60			
620	589	60			
620	1009	40			
620	1429	40			
620	1849	60			
620	2269	60			
620	2689	40			
620	3109	40			
620	3529	40			
620	3949	60			
620	4327	60			
620	4642	60			
620	4957	60			
620	5335	60			
620	5650	60			
620	5965	60			
620	6343	60			
620	6658	60			
620	6973	60			
620	7351	60			
620	7666	60			
620	7981	60			
620	8296	60			
620	10196	300			
620	10193	60			
620	10194	60			
21	169	60			
21	589	60			
21	1009	40			
21	1429	40			
21	1849	60			
21	2269	60			
21	2689	40			
21	3109	40			
21	3529	40			
21	3949	60			
21	4327	60			
21	4642	60			
21	4957	60			
21	5335	60			
21	5650	60			
21	5965	60			
21	6343	60			
21	6658	60			
21	6973	60			
21	7351	60			
21	7666	60			
21	7981	60			
21	8296	60			
21	12070	220			
21	12094	220			
21	10196	300			
21	10193	52			
21	10194	60			
221	169	62			
221	589	62			
221	1009	42			
221	1429	42			
221	1849	62			
221	2269	62			
221	2689	42			
221	3109	42			
221	3529	42			
221	3949	62			
221	4327	62			
221	4642	62			
221	4957	62			
221	5335	62			
221	5650	62			
221	5965	62			
221	6343	62			
221	6658	62			
221	6973	62			
221	7351	62			
221	7666	62			
221	7981	62			
221	8296	62			
221	12070	220			
221	12094	220			
221	10196	300			
221	10193	50			
221	10194	50			
321	169	64			
321	589	64			
321	1009	44			
321	1429	44			
321	1849	64			
321	2269	64			
321	2689	44			
321	3109	44			
321	3529	44			
321	3949	64			
321	4327	64			
321	4642	64			
321	4957	64			
321	5335	64			
321	5650	64			
321	5965	64			
321	6343	64			
321	6658	64			
321	6973	64			
321	7351	64			
321	7666	64			
321	7981	64			
321	8296	64			
321	12070	220			
321	12094	220			
321	10196	300			
321	10193	50			
321	10194	50			
421	169	66			
421	589	66			
421	1009	46			
421	1429	46			
421	1849	66			
421	2269	66			
421	2689	46			
421	3109	46			
421	3529	46			
421	3949	66			
421	4327	66			
421	4642	66			
421	4957	66			
421	5335	66			
421	5650	66			
421	5965	66			
421	6343	66			
421	6658	66			
421	6973	66			
421	7351	66			
421	7666	66			
421	7981	66			
421	8296	66			
421	12070	220			
421	12094	220			
421	10196	300			
421	10193	50			
421	10194	50			
521	169	68			
521	589	68			
521	1009	48			
521	1429	48			
521	1849	68			
521	2269	68			
521	2689	48			
521	3109	48			
521	3529	48			
521	3949	68			
521	4327	68			
521	4642	68			
521	4957	68			
521	5335	68			
521	5650	68			
521	5965	68			
521	6343	68			
521	6658	68			
521	6973	68			
521	7351	68			
521	7666	68			
521	7981	68			
521	8296	68			
521	12070	220			
521	12094	220			
521	10196	300			
521	10193	50			
521	10194	50			
621	169	70			
621	589	70			
621	1009	50			
621	1429	50			
621	1849	70			
621	2269	70			
621	2689	50			
621	3109	50			
621	3529	50			
621	3949	70			
621	4327	70			
621	4642	70			
621	4957	70			
621	5335	70			
621	5650	70			
621	5965	70			
621	6343	70			
621	6658	70			
621	6973	70			
621	7351	70			
621	7666	70			
621	7981	70			
621	8296	70			
621	12070	220			
621	12094	220			
621	10196	300			
621	10193	60			
621	10194	60			
22	169	70			
22	589	70			
22	1009	50			
22	1429	50			
22	1849	70			
22	2269	70			
22	2689	50			
22	3109	50			
22	3529	50			
22	3949	70			
22	4327	70			
22	4642	70			
22	4957	70			
22	5335	70			
22	5650	70			
22	5965	70			
22	6343	70			
22	6658	70			
22	6973	70			
22	7351	70			
22	7666	70			
22	7981	70			
22	8296	70			
22	12070	220			
22	12094	220			
22	10196	300			
22	10193	50			
22	10194	50			
222	169	72			
222	589	72			
222	1009	52			
222	1429	52			
222	1849	72			
222	2269	72			
222	2689	52			
222	3109	52			
222	3529	52			
222	3949	72			
222	4327	72			
222	4642	72			
222	4957	72			
222	5335	72			
222	5650	72			
222	5965	72			
222	6343	72			
222	6658	72			
222	6973	72			
222	7351	72			
222	7666	72			
222	7981	72			
222	8296	72			
222	12070	220			
222	12094	220			
222	10196	300			
222	10193	50			
222	10194	50			
322	169	74			
322	589	74			
322	1009	54			
322	1429	54			
322	1849	74			
322	2269	74			
322	2689	54			
322	3109	54			
322	3529	54			
322	3949	74			
322	4327	74			
322	4642	74			
322	4957	74			
322	5335	74			
322	5650	74			
322	5965	74			
322	6343	74			
322	6658	74			
322	6973	74			
322	7351	74			
322	7666	74			
322	7981	74			
322	8296	74			
322	12070	220			
322	12094	220			
322	10196	300			
322	10193	50			
322	10194	50			
422	169	76			
422	589	76			
422	1009	56			
422	1429	56			
422	1849	76			
422	2269	76			
422	2689	56			
422	3109	56			
422	3529	56			
422	3949	76			
422	4327	76			
422	4642	76			
422	4957	76			
422	5335	76			
422	5650	76			
422	5965	76			
422	6343	76			
422	6658	76			
422	6973	76			
422	7351	76			
422	7666	76			
422	7981	76			
422	8296	76			
422	12070	220			
422	12094	220			
422	10196	300			
422	10193	50			
422	10194	50			
522	169	78			
522	589	78			
522	1009	58			
522	1429	58			
522	1849	78			
522	2269	78			
522	2689	58			
522	3109	58			
522	3529	58			
522	3949	78			
522	4327	78			
522	4642	78			
522	4957	78			
522	5335	78			
522	5650	78			
522	5965	78			
522	6343	78			
522	6658	78			
522	6973	78			
522	7351	78			
522	7666	78			
522	7981	78			
522	8296	78			
522	12070	220			
522	12094	220			
522	10196	300			
522	10193	50			
522	10194	50			
622	169	80			
622	589	80			
622	1009	60			
622	1429	60			
622	1849	80			
622	2269	80			
622	2689	60			
622	3109	60			
622	3529	60			
622	3949	80			
622	4327	80			
622	4642	80			
622	4957	80			
622	5335	80			
622	5650	80			
622	5965	80			
622	6343	80			
622	6658	80			
622	6973	80			
622	7351	80			
622	7666	80			
622	7981	80			
622	8296	80			
622	12070	220			
622	12094	220			
622	10196	300			
622	10193	60			
622	10194	60			
23	169	80			
23	589	80			
23	1009	60			
23	1429	60			
23	1849	80			
23	2269	80			
23	2689	60			
23	3109	60			
23	3529	60			
23	3949	80			
23	4327	80			
23	4642	80			
23	4957	80			
23	5335	80			
23	5650	80			
23	5965	80			
23	6343	80			
23	6658	80			
23	6973	80			
23	7351	80			
23	7666	80			
23	7981	80			
23	8296	80			
23	12058	150			
23	12086	150			
23	10196	300			
23	10193	50			
23	10194	50			
223	169	82			
223	589	82			
223	1009	62			
223	1429	62			
223	1849	82			
223	2269	82			
223	2689	62			
223	3109	62			
223	3529	62			
223	3949	82			
223	4327	82			
223	4642	82			
223	4957	82			
223	5335	82			
223	5650	82			
223	5965	82			
223	6343	82			
223	6658	82			
223	6973	82			
223	7351	82			
223	7666	82			
223	7981	82			
223	8296	82			
223	12058	150			
223	12086	150			
223	10196	300			
223	10193	50			
223	10194	50			
323	169	84			
323	589	84			
323	1009	64			
323	1429	64			
323	1849	84			
323	2269	84			
323	2689	64			
323	3109	64			
323	3529	64			
323	3949	84			
323	4327	84			
323	4642	84			
323	4957	84			
323	5335	84			
323	5650	84			
323	5965	84			
323	6343	84			
323	6658	84			
323	6973	84			
323	7351	84			
323	7666	84			
323	7981	84			
323	8296	84			
323	12058	150			
323	12086	150			
323	10196	300			
323	10193	50			
323	10194	50			
423	169	86			
423	589	86			
423	1009	66			
423	1429	66			
423	1849	86			
423	2269	86			
423	2689	66			
423	3109	66			
423	3529	66			
423	3949	86			
423	4327	86			
423	4642	86			
423	4957	86			
423	5335	86			
423	5650	86			
423	5965	86			
423	6343	86			
423	6658	86			
423	6973	86			
423	7351	86			
423	7666	86			
423	7981	86			
423	8296	86			
423	12058	150			
423	12086	150			
423	10196	300			
423	10193	50			
423	10194	50			
523	169	88			
523	589	88			
523	1009	68			
523	1429	68			
523	1849	88			
523	2269	88			
523	2689	68			
523	3109	68			
523	3529	68			
523	3949	88			
523	4327	88			
523	4642	88			
523	4957	88			
523	5335	88			
523	5650	88			
523	5965	88			
523	6343	88			
523	6658	88			
523	6973	88			
523	7351	88			
523	7666	88			
523	7981	88			
523	8296	88			
523	12058	150			
523	12086	150			
523	10196	300			
523	10193	50			
523	10194	50			
623	169	90			
623	589	90			
623	1009	70			
623	1429	70			
623	1849	90			
623	2269	90			
623	2689	70			
623	3109	70			
623	3529	70			
623	3949	90			
623	4327	90			
623	4642	90			
623	4957	90			
623	5335	90			
623	5650	90			
623	5965	90			
623	6343	90			
623	6658	90			
623	6973	90			
623	7351	90			
623	7666	90			
623	7981	90			
623	8296	90			
623	12058	150			
623	12086	150			
623	10196	300			
623	10193	60			
623	10194	60			
24	169	90			
24	589	90			
24	1009	70			
24	1429	70			
24	1849	90			
24	2269	90			
24	2689	70			
24	3109	70			
24	3529	70			
24	3949	90			
24	4327	90			
24	4642	90			
24	4957	90			
24	5335	90			
24	5650	90			
24	5965	90			
24	6343	90			
24	6658	90			
24	6973	90			
24	7351	90			
24	7666	90			
24	7981	90			
24	8296	90			
24	10196	300			
24	10193	50			
24	10194	50			
224	169	92			
224	589	92			
224	1009	72			
224	1429	72			
224	1849	92			
224	2269	92			
224	2689	72			
224	3109	72			
224	3529	72			
224	3949	92			
224	4327	92			
224	4642	92			
224	4957	92			
224	5335	92			
224	5650	92			
224	5965	92			
224	6343	92			
224	6658	92			
224	6973	92			
224	7351	92			
224	7666	92			
224	7981	92			
224	8296	92			
224	10196	300			
224	10193	50			
224	10194	50			
324	169	94			
324	589	94			
324	1009	74			
324	1429	74			
324	1849	94			
324	2269	94			
324	2689	74			
324	3109	74			
324	3529	74			
324	3949	94			
324	4327	94			
324	4642	94			
324	4957	94			
324	5335	94			
324	5650	94			
324	5965	94			
324	6343	94			
324	6658	94			
324	6973	94			
324	7351	94			
324	7666	94			
324	7981	94			
324	8296	94			
324	10196	300			
324	10193	50			
324	10194	50			
424	169	96			
424	589	96			
424	1009	76			
424	1429	76			
424	1849	96			
424	2269	96			
424	2689	76			
424	3109	76			
424	3529	76			
424	3949	96			
424	4327	96			
424	4642	96			
424	4957	96			
424	5335	96			
424	5650	96			
424	5965	96			
424	6343	96			
424	6658	96			
424	6973	96			
424	7351	96			
424	7666	96			
424	7981	96			
424	8296	96			
424	10196	300			
424	10193	50			
424	10194	50			
524	169	98			
524	589	98			
524	1009	78			
524	1429	78			
524	1849	98			
524	2269	98			
524	2689	78			
524	3109	78			
524	3529	78			
524	3949	98			
524	4327	98			
524	4642	98			
524	4957	98			
524	5335	98			
524	5650	98			
524	5965	98			
524	6343	98			
524	6658	98			
524	6973	98			
524	7351	98			
524	7666	98			
524	7981	98			
524	8296	98			
524	10196	300			
524	10193	50			
524	10194	50			
624	169	100			
624	589	100			
624	1009	80			
624	1429	80			
624	1849	100			
624	2269	100			
624	2689	80			
624	3109	80			
624	3529	80			
624	3949	100			
624	4327	100			
624	4642	100			
624	4957	100			
624	5335	100			
624	5650	100			
624	5965	100			
624	6343	100			
624	6658	100			
624	6973	100			
624	7351	100			
624	7666	100			
624	7981	100			
624	8296	100			
624	10196	300			
624	10193	60			
624	10194	60			
25	170	50			
25	590	50			
25	1010	30			
25	1430	30			
25	1850	30			
25	2270	50			
25	2690	50			
25	3110	30			
25	3530	30			
25	3950	30			
25	4328	50			
25	4643	50			
25	4958	50			
25	5336	50			
25	5651	50			
25	5966	50			
25	6344	50			
25	6659	50			
25	6974	50			
25	7352	50			
25	7667	50			
25	7982	50			
25	8297	50			
25	10196	300			
25	10193	50			
25	10194	50			
225	170	52			
225	590	52			
225	1010	32			
225	1430	32			
225	1850	32			
225	2270	52			
225	2690	52			
225	3110	32			
225	3530	32			
225	3950	32			
225	4328	52			
225	4643	52			
225	4958	52			
225	5336	52			
225	5651	52			
225	5966	52			
225	6344	52			
225	6659	52			
225	6974	52			
225	7352	52			
225	7667	52			
225	7982	52			
225	8297	52			
225	10196	300			
225	10193	50			
225	10194	50			
325	170	54			
325	590	54			
325	1010	34			
325	1430	34			
325	1850	34			
325	2270	54			
325	2690	54			
325	3110	34			
325	3530	34			
325	3950	34			
325	4328	54			
325	4643	54			
325	4958	54			
325	5336	54			
325	5651	54			
325	5966	54			
325	6344	54			
325	6659	54			
325	6974	54			
325	7352	54			
325	7667	54			
325	7982	54			
325	8297	54			
325	10196	300			
325	10193	50			
325	10194	50			
425	170	56			
425	590	56			
425	1010	36			
425	1430	36			
425	1850	36			
425	2270	56			
425	2690	56			
425	3110	36			
425	3530	36			
425	3950	36			
425	4328	56			
425	4643	56			
425	4958	56			
425	5336	56			
425	5651	56			
425	5966	56			
425	6344	56			
425	6659	56			
425	6974	56			
425	7352	56			
425	7667	56			
425	7982	56			
425	8297	56			
425	10196	300			
425	10193	50			
425	10194	50			
525	170	58			
525	590	58			
525	1010	38			
525	1430	38			
525	1850	38			
525	2270	58			
525	2690	58			
525	3110	38			
525	3530	38			
525	3950	38			
525	4328	58			
525	4643	58			
525	4958	58			
525	5336	58			
525	5651	58			
525	5966	58			
525	6344	58			
525	6659	58			
525	6974	58			
525	7352	58			
525	7667	58			
525	7982	58			
525	8297	58			
525	10196	300			
525	10193	50			
525	10194	50			
625	170	60			
625	590	60			
625	1010	40			
625	1430	40			
625	1850	40			
625	2270	60			
625	2690	60			
625	3110	40			
625	3530	40			
625	3950	40			
625	4328	60			
625	4643	60			
625	4958	60			
625	5336	60			
625	5651	60			
625	5966	60			
625	6344	60			
625	6659	60			
625	6974	60			
625	7352	60			
625	7667	60			
625	7982	60			
625	8297	60			
625	10196	300			
625	10193	60			
625	10194	60			
26	170	60			
26	590	60			
26	1010	40			
26	1430	40			
26	1850	40			
26	2270	60			
26	2690	60			
26	3110	40			
26	3530	40			
26	3950	40			
26	4328	60			
26	4643	60			
26	4958	60			
26	5336	60			
26	5651	60			
26	5966	60			
26	6344	60			
26	6659	60			
26	6974	60			
26	7352	60			
26	7667	60			
26	7982	60			
26	8297	60			
26	10196	300			
26	10193	50			
26	10194	50			
226	170	62			
226	590	62			
226	1010	42			
226	1430	42			
226	1850	42			
226	2270	62			
226	2690	62			
226	3110	42			
226	3530	42			
226	3950	42			
226	4328	62			
226	4643	62			
226	4958	62			
226	5336	62			
226	5651	62			
226	5966	62			
226	6344	62			
226	6659	62			
226	6974	62			
226	7352	62			
226	7667	62			
226	7982	62			
226	8297	62			
226	10196	300			
226	10193	50			
226	10194	50			
326	170	64			
326	590	64			
326	1010	44			
326	1430	44			
326	1850	44			
326	2270	64			
326	2690	64			
326	3110	44			
326	3530	44			
326	3950	44			
326	4328	64			
326	4643	64			
326	4958	64			
326	5336	64			
326	5651	64			
326	5966	64			
326	6344	64			
326	6659	64			
326	6974	64			
326	7352	64			
326	7667	64			
326	7982	64			
326	8297	64			
326	10196	300			
326	10193	50			
326	10194	50			
426	170	66			
426	590	66			
426	1010	46			
426	1430	46			
426	1850	46			
426	2270	66			
426	2690	66			
426	3110	46			
426	3530	46			
426	3950	46			
426	4328	66			
426	4643	66			
426	4958	66			
426	5336	66			
426	5651	66			
426	5966	66			
426	6344	66			
426	6659	66			
426	6974	66			
426	7352	66			
426	7667	66			
426	7982	66			
426	8297	66			
426	10196	300			
426	10193	50			
426	10194	50			
526	170	68			
526	590	68			
526	1010	48			
526	1430	48			
526	1850	48			
526	2270	68			
526	2690	68			
526	3110	48			
526	3530	48			
526	3950	48			
526	4328	68			
526	4643	68			
526	4958	68			
526	5336	68			
526	5651	68			
526	5966	68			
526	6344	68			
526	6659	68			
526	6974	68			
526	7352	68			
526	7667	68			
526	7982	68			
526	8297	68			
526	10196	300			
526	10193	50			
526	10194	50			
626	170	70			
626	590	70			
626	1010	50			
626	1430	50			
626	1850	50			
626	2270	70			
626	2690	70			
626	3110	50			
626	3530	50			
626	3950	50			
626	4328	70			
626	4643	70			
626	4958	70			
626	5336	70			
626	5651	70			
626	5966	70			
626	6344	70			
626	6659	70			
626	6974	70			
626	7352	70			
626	7667	70			
626	7982	70			
626	8297	70			
626	10196	300			
626	10193	60			
626	10194	60			
27	170	70			
27	590	70			
27	1010	50			
27	1430	50			
27	1850	50			
27	2270	70			
27	2690	70			
27	3110	50			
27	3530	50			
27	3950	50			
27	4328	70			
27	4643	70			
27	4958	70			
27	5336	70			
27	5651	70			
27	5966	70			
27	6344	70			
27	6659	70			
27	6974	70			
27	7352	70			
27	7667	70			
27	7982	70			
27	8297	70			
27	10196	300			
27	10193	60			
27	10194	60			
227	170	72			
227	590	72			
227	1010	52			
227	1430	52			
227	1850	52			
227	2270	72			
227	2690	72			
227	3110	52			
227	3530	52			
227	3950	52			
227	4328	72			
227	4643	72			
227	4958	72			
227	5336	72			
227	5651	72			
227	5966	72			
227	6344	72			
227	6659	72			
227	6974	72			
227	7352	72			
227	7667	72			
227	7982	72			
227	8297	72			
227	10196	300			
227	10193	50			
227	10194	50			
327	170	74			
327	590	74			
327	1010	54			
327	1430	54			
327	1850	54			
327	2270	74			
327	2690	74			
327	3110	54			
327	3530	54			
327	3950	54			
327	4328	74			
327	4643	74			
327	4958	74			
327	5336	74			
327	5651	74			
327	5966	74			
327	6344	74			
327	6659	74			
327	6974	74			
327	7352	74			
327	7667	74			
327	7982	74			
327	8297	74			
327	10196	300			
327	10193	50			
327	10194	50			
427	170	76			
427	590	76			
427	1010	56			
427	1430	56			
427	1850	56			
427	2270	76			
427	2690	76			
427	3110	56			
427	3530	56			
427	3950	56			
427	4328	76			
427	4643	76			
427	4958	76			
427	5336	76			
427	5651	76			
427	5966	76			
427	6344	76			
427	6659	76			
427	6974	76			
427	7352	76			
427	7667	76			
427	7982	76			
427	8297	76			
427	10196	300			
427	10193	50			
427	10194	50			
527	170	78			
527	590	78			
527	1010	58			
527	1430	58			
527	1850	58			
527	2270	78			
527	2690	78			
527	3110	58			
527	3530	58			
527	3950	58			
527	4328	78			
527	4643	78			
527	4958	78			
527	5336	78			
527	5651	78			
527	5966	78			
527	6344	78			
527	6659	78			
527	6974	78			
527	7352	78			
527	7667	78			
527	7982	78			
527	8297	78			
527	10196	300			
527	10193	50			
527	10194	50			
627	170	80			
627	590	80			
627	1010	60			
627	1430	60			
627	1850	60			
627	2270	80			
627	2690	80			
627	3110	60			
627	3530	60			
627	3950	60			
627	4328	80			
627	4643	80			
627	4958	80			
627	5336	80			
627	5651	80			
627	5966	80			
627	6344	80			
627	6659	80			
627	6974	80			
627	7352	80			
627	7667	80			
627	7982	80			
627	8297	80			
627	10196	300			
627	10193	60			
627	10194	60			
28	170	80			
28	590	80			
28	1010	60			
28	1430	60			
28	1850	60			
28	2270	80			
28	2690	80			
28	3110	60			
28	3530	60			
28	3950	60			
28	4328	80			
28	4643	80			
28	4958	80			
28	5336	80			
28	5651	80			
28	5966	80			
28	6344	80			
28	6659	80			
28	6974	80			
28	7352	80			
28	7667	80			
28	7982	80			
28	8297	80			
28	10196	300			
28	10193	50			
28	10194	50			
228	170	82			
228	590	82			
228	1010	62			
228	1430	62			
228	1850	62			
228	2270	82			
228	2690	82			
228	3110	62			
228	3530	62			
228	3950	62			
228	4328	82			
228	4643	82			
228	4958	82			
228	5336	82			
228	5651	82			
228	5966	82			
228	6344	82			
228	6659	82			
228	6974	82			
228	7352	82			
228	7667	82			
228	7982	82			
228	8297	82			
228	10196	300			
228	10193	50			
228	10194	50			
328	170	84			
328	590	84			
328	1010	64			
328	1430	64			
328	1850	64			
328	2270	84			
328	2690	84			
328	3110	64			
328	3530	64			
328	3950	64			
328	4328	84			
328	4643	84			
328	4958	84			
328	5336	84			
328	5651	84			
328	5966	84			
328	6344	84			
328	6659	84			
328	6974	84			
328	7352	84			
328	7667	84			
328	7982	84			
328	8297	84			
328	10196	300			
328	10193	50			
328	10194	50			
428	170	86			
428	590	86			
428	1010	66			
428	1430	66			
428	1850	66			
428	2270	86			
428	2690	86			
428	3110	66			
428	3530	66			
428	3950	66			
428	4328	86			
428	4643	86			
428	4958	86			
428	5336	86			
428	5651	86			
428	5966	86			
428	6344	86			
428	6659	86			
428	6974	86			
428	7352	86			
428	7667	86			
428	7982	86			
428	8297	86			
428	10196	300			
428	10193	50			
428	10194	50			
528	170	88			
528	590	88			
528	1010	68			
528	1430	68			
528	1850	68			
528	2270	88			
528	2690	88			
528	3110	68			
528	3530	68			
528	3950	68			
528	4328	88			
528	4643	88			
528	4958	88			
528	5336	88			
528	5651	88			
528	5966	88			
528	6344	88			
528	6659	88			
528	6974	88			
528	7352	88			
528	7667	88			
528	7982	88			
528	8297	88			
528	10196	300			
528	10193	50			
528	10194	50			
628	170	90			
628	590	90			
628	1010	70			
628	1430	70			
628	1850	70			
628	2270	90			
628	2690	90			
628	3110	70			
628	3530	70			
628	3950	70			
628	4328	90			
628	4643	90			
628	4958	90			
628	5336	90			
628	5651	90			
628	5966	90			
628	6344	90			
628	6659	90			
628	6974	90			
628	7352	90			
628	7667	90			
628	7982	90			
628	8297	90			
628	10196	300			
628	10193	50			
628	10194	50			
29	171	60			
29	591	60			
29	1011	40			
29	1431	40			
29	1851	40			
29	2271	60			
29	2691	60			
29	3111	40			
29	3531	40			
29	3951	40			
29	4329	60			
29	4644	60			
29	4959	60			
29	5337	60			
29	5652	60			
29	5967	60			
29	6345	60			
29	6660	60			
29	6975	60			
29	7353	60			
29	7668	60			
29	7983	60			
29	8298	60			
29	10196	300			
29	10193	50			
29	10194	50			
229	171	62			
229	591	62			
229	1011	42			
229	1431	42			
229	1851	42			
229	2271	62			
229	2691	62			
229	3111	42			
229	3531	42			
229	3951	42			
229	4329	62			
229	4644	62			
229	4959	62			
229	5337	62			
229	5652	62			
229	5967	62			
229	6345	62			
229	6660	62			
229	6975	62			
229	7353	62			
229	7668	62			
229	7983	62			
229	8298	62			
229	10196	300			
229	10193	50			
229	10194	50			
329	171	64			
329	591	64			
329	1011	44			
329	1431	44			
329	1851	44			
329	2271	64			
329	2691	64			
329	3111	44			
329	3531	44			
329	3951	44			
329	4329	64			
329	4644	64			
329	4959	64			
329	5337	64			
329	5652	64			
329	5967	64			
329	6345	64			
329	6660	64			
329	6975	64			
329	7353	64			
329	7668	64			
329	7983	64			
329	8298	64			
329	10196	300			
329	10193	50			
329	10194	50			
429	171	66			
429	591	66			
429	1011	46			
429	1431	46			
429	1851	46			
429	2271	66			
429	2691	66			
429	3111	46			
429	3531	46			
429	3951	46			
429	4329	66			
429	4644	66			
429	4959	66			
429	5337	66			
429	5652	66			
429	5967	66			
429	6345	66			
429	6660	66			
429	6975	66			
429	7353	66			
429	7668	66			
429	7983	66			
429	8298	66			
429	10196	300			
429	10193	50			
429	10194	50			
529	171	68			
529	591	68			
529	1011	48			
529	1431	48			
529	1851	48			
529	2271	68			
529	2691	68			
529	3111	48			
529	3531	48			
529	3951	48			
529	4329	68			
529	4644	68			
529	4959	68			
529	5337	68			
529	5652	68			
529	5967	68			
529	6345	68			
529	6660	68			
529	6975	68			
529	7353	68			
529	7668	68			
529	7983	68			
529	8298	68			
529	10196	300			
529	10193	50			
529	10194	50			
629	171	70			
629	591	70			
629	1011	50			
629	1431	50			
629	1851	50			
629	2271	70			
629	2691	70			
629	3111	50			
629	3531	50			
629	3951	50			
629	4329	70			
629	4644	70			
629	4959	70			
629	5337	70			
629	5652	70			
629	5967	70			
629	6345	70			
629	6660	70			
629	6975	70			
629	7353	70			
629	7668	70			
629	7983	70			
629	8298	70			
629	10196	300			
629	10193	60			
629	10194	60			
30	169	160			
30	589	160			
30	1009	160			
30	1429	160			
30	1849	160			
30	2269	160			
30	2689	160			
30	3109	160			
30	3529	160			
30	3949	160			
30	4327	160			
30	4642	160			
30	4957	160			
30	5335	160			
30	5650	160			
30	5965	160			
30	6343	160			
30	6658	160			
30	6973	160			
30	7351	160			
30	7666	160			
30	7981	160			
30	8296	160			
30	10196	300			
30	10193	120			
30	10194	120			
31	173	55			
31	593	55			
31	1013	33			
31	1433	33			
31	1853	33			
31	2273	55			
31	2693	55			
31	3113	33			
31	3533	33			
31	3953	33			
31	4331	55			
31	4646	55			
31	4961	55			
31	5339	55			
31	5654	55			
31	5969	55			
31	6347	55			
31	6662	55			
31	6977	55			
31	7355	55			
31	7670	55			
31	7985	55			
31	8300	55			
31	10398	10			
31	10399	10			
31	10401	10			
31	10402	10			
31	10403	20			
31	10409	10			
31	10410	10			
31	10415	10			
31	10416	20			
31	10419	10			
31	10424	50			
31	10425	30			
31	10426	20			
31	10427	50			
31	10428	30			
31	10429	20			
31	10431	20			
31	10196	300			
31	10193	60			
31	10194	60			
231	173	58			
231	593	58			
231	1013	36			
231	1433	36			
231	1853	36			
231	2273	58			
231	2693	58			
231	3113	36			
231	3533	36			
231	3953	36			
231	4331	58			
231	4646	58			
231	4961	58			
231	5339	58			
231	5654	58			
231	5969	58			
231	6347	58			
231	6662	58			
231	6977	58			
231	7355	58			
231	7670	58			
231	7985	58			
231	8300	58			
231	10398	10			
231	10399	10			
231	10401	10			
231	10402	10			
231	10403	20			
231	10409	10			
231	10410	10			
231	10415	10			
231	10416	20			
231	10419	10			
231	10424	50			
231	10425	30			
231	10426	20			
231	10427	50			
231	10428	30			
231	10429	20			
231	10431	20			
231	10196	300			
231	10193	80			
231	10194	80			
331	173	60			
331	593	60			
331	1013	38			
331	1433	38			
331	1853	38			
331	2273	60			
331	2693	60			
331	3113	38			
331	3533	38			
331	3953	38			
331	4331	60			
331	4646	60			
331	4961	60			
331	5339	60			
331	5654	60			
331	5969	60			
331	6347	60			
331	6662	60			
331	6977	60			
331	7355	60			
331	7670	60			
331	7985	60			
331	8300	60			
331	10398	10			
331	10399	10			
331	10401	10			
331	10402	10			
331	10403	20			
331	10409	10			
331	10410	10			
331	10415	10			
331	10416	20			
331	10419	10			
331	10424	50			
331	10425	30			
331	10426	20			
331	10427	50			
331	10428	30			
331	10429	20			
331	10431	20			
331	10196	300			
331	10193	80			
331	10194	80			
431	173	62			
431	593	62			
431	1013	40			
431	1433	40			
431	1853	40			
431	2273	62			
431	2693	62			
431	3113	40			
431	3533	40			
431	3953	40			
431	4331	62			
431	4646	62			
431	4961	62			
431	5339	62			
431	5654	62			
431	5969	62			
431	6347	62			
431	6662	62			
431	6977	62			
431	7355	62			
431	7670	62			
431	7985	62			
431	8300	62			
431	10398	10			
431	10399	10			
431	10401	10			
431	10402	10			
431	10403	20			
431	10409	10			
431	10410	10			
431	10415	10			
431	10416	20			
431	10419	10			
431	10424	50			
431	10425	30			
431	10426	20			
431	10427	50			
431	10428	30			
431	10429	20			
431	10431	20			
431	10196	300			
431	10193	80			
431	10194	80			
531	173	64			
531	593	64			
531	1013	42			
531	1433	42			
531	1853	42			
531	2273	64			
531	2693	64			
531	3113	42			
531	3533	42			
531	3953	42			
531	4331	64			
531	4646	64			
531	4961	64			
531	5339	64			
531	5654	64			
531	5969	64			
531	6347	64			
531	6662	64			
531	6977	64			
531	7355	64			
531	7670	64			
531	7985	64			
531	8300	64			
531	10398	10			
531	10399	10			
531	10401	10			
531	10402	10			
531	10403	20			
531	10409	10			
531	10410	10			
531	10415	10			
531	10416	20			
531	10419	10			
531	10424	50			
531	10425	30			
531	10426	20			
531	10427	50			
531	10428	30			
531	10429	20			
531	10431	20			
531	10196	300			
531	10193	80			
531	10194	80			
631	173	66			
631	593	66			
631	1013	44			
631	1433	44			
631	1853	44			
631	2273	66			
631	2693	66			
631	3113	44			
631	3533	44			
631	3953	44			
631	4331	66			
631	4646	66			
631	4961	66			
631	5339	66			
631	5654	66			
631	5969	66			
631	6347	66			
631	6662	66			
631	6977	66			
631	7355	66			
631	7670	66			
631	7985	66			
631	8300	66			
631	10398	10			
631	10399	10			
631	10401	10			
631	10402	10			
631	10403	20			
631	10409	10			
631	10410	10			
631	10415	10			
631	10416	20			
631	10419	10			
631	10424	50			
631	10425	30			
631	10426	20			
631	10427	50			
631	10428	30			
631	10429	20			
631	10431	20			
631	10196	300			
631	10193	90			
631	10194	90			
32	173	66			
32	593	66			
32	1013	44			
32	1433	44			
32	1853	44			
32	2273	66			
32	2693	66			
32	3113	44			
32	3533	44			
32	3953	44			
32	4331	66			
32	4646	66			
32	4961	66			
32	5339	66			
32	5654	66			
32	5969	66			
32	6347	66			
32	6662	66			
32	6977	66			
32	7355	66			
32	7670	66			
32	7985	66			
32	8300	66			
32	10398	10			
32	10399	10			
32	10401	10			
32	10402	10			
32	10403	20			
32	10409	10			
32	10410	10			
32	10415	10			
32	10416	20			
32	10419	10			
32	10424	50			
32	10425	30			
32	10426	20			
32	10427	50			
32	10428	30			
32	10429	20			
32	10431	20			
32	10196	300			
32	10193	80			
32	10194	80			
232	173	69			
232	593	69			
232	1013	47			
232	1433	47			
232	1853	47			
232	2273	69			
232	2693	69			
232	3113	47			
232	3533	47			
232	3953	47			
232	4331	69			
232	4646	69			
232	4961	69			
232	5339	69			
232	5654	69			
232	5969	69			
232	6347	69			
232	6662	69			
232	6977	69			
232	7355	69			
232	7670	69			
232	7985	69			
232	8300	69			
232	10398	10			
232	10399	10			
232	10401	10			
232	10402	10			
232	10403	20			
232	10409	10			
232	10410	10			
232	10415	10			
232	10416	20			
232	10419	10			
232	10424	50			
232	10425	30			
232	10426	20			
232	10427	50			
232	10428	30			
232	10429	20			
232	10431	20			
232	10196	300			
232	10193	80			
232	10194	80			
332	173	71			
332	593	71			
332	1013	49			
332	1433	49			
332	1853	49			
332	2273	71			
332	2693	71			
332	3113	49			
332	3533	49			
332	3953	49			
332	4331	71			
332	4646	71			
332	4961	71			
332	5339	71			
332	5654	71			
332	5969	71			
332	6347	71			
332	6662	71			
332	6977	71			
332	7355	71			
332	7670	71			
332	7985	71			
332	8300	71			
332	10398	10			
332	10399	10			
332	10401	10			
332	10402	10			
332	10403	20			
332	10409	10			
332	10410	10			
332	10415	10			
332	10416	20			
332	10419	10			
332	10424	50			
332	10425	30			
332	10426	20			
332	10427	50			
332	10428	30			
332	10429	20			
332	10431	20			
332	10196	300			
332	10193	80			
332	10194	80			
432	173	73			
432	593	73			
432	1013	51			
432	1433	51			
432	1853	51			
432	2273	73			
432	2693	73			
432	3113	51			
432	3533	51			
432	3953	51			
432	4331	73			
432	4646	73			
432	4961	73			
432	5339	73			
432	5654	73			
432	5969	73			
432	6347	73			
432	6662	73			
432	6977	73			
432	7355	73			
432	7670	73			
432	7985	73			
432	8300	73			
432	10398	10			
432	10399	10			
432	10401	10			
432	10402	10			
432	10403	20			
432	10409	10			
432	10410	10			
432	10415	10			
432	10416	20			
432	10419	10			
432	10424	50			
432	10425	30			
432	10426	20			
432	10427	50			
432	10428	30			
432	10429	20			
432	10431	20			
432	10196	300			
432	10193	80			
432	10194	80			
532	173	75			
532	593	75			
532	1013	53			
532	1433	53			
532	1853	53			
532	2273	75			
532	2693	75			
532	3113	53			
532	3533	53			
532	3953	53			
532	4331	75			
532	4646	75			
532	4961	75			
532	5339	75			
532	5654	75			
532	5969	75			
532	6347	75			
532	6662	75			
532	6977	75			
532	7355	75			
532	7670	75			
532	7985	75			
532	8300	75			
532	10398	10			
532	10399	10			
532	10401	10			
532	10402	10			
532	10403	20			
532	10409	10			
532	10410	10			
532	10415	10			
532	10416	20			
532	10419	10			
532	10424	50			
532	10425	30			
532	10426	20			
532	10427	50			
532	10428	30			
532	10429	20			
532	10431	20			
532	10196	300			
532	10193	80			
532	10194	80			
632	173	77			
632	593	77			
632	1013	55			
632	1433	55			
632	1853	55			
632	2273	77			
632	2693	77			
632	3113	55			
632	3533	55			
632	3953	55			
632	4331	77			
632	4646	77			
632	4961	77			
632	5339	77			
632	5654	77			
632	5969	77			
632	6347	77			
632	6662	77			
632	6977	77			
632	7355	77			
632	7670	77			
632	7985	77			
632	8300	77			
632	10398	10			
632	10399	10			
632	10401	10			
632	10402	10			
632	10403	20			
632	10409	10			
632	10410	10			
632	10415	10			
632	10416	20			
632	10419	10			
632	10424	50			
632	10425	30			
632	10426	20			
632	10427	50			
632	10428	30			
632	10429	20			
632	10431	20			
632	10196	300			
632	10193	90			
632	10194	90			
33	173	77			
33	593	77			
33	1013	55			
33	1433	55			
33	1853	55			
33	2273	77			
33	2693	77			
33	3113	55			
33	3533	55			
33	3953	55			
33	4331	77			
33	4646	77			
33	4961	77			
33	5339	77			
33	5654	77			
33	5969	77			
33	6347	77			
33	6662	77			
33	6977	77			
33	7355	77			
33	7670	77			
33	7985	77			
33	8300	77			
33	10398	10			
33	10399	10			
33	10401	10			
33	10402	10			
33	10403	20			
33	10409	10			
33	10410	10			
33	10415	10			
33	10416	20			
33	10419	10			
33	10424	50			
33	10425	30			
33	10426	20			
33	10427	50			
33	10428	30			
33	10429	20			
33	10431	20			
33	10196	300			
33	10193	80			
33	10194	80			
233	173	80			
233	593	80			
233	1013	58			
233	1433	58			
233	1853	58			
233	2273	80			
233	2693	80			
233	3113	58			
233	3533	58			
233	3953	58			
233	4331	80			
233	4646	80			
233	4961	80			
233	5339	80			
233	5654	80			
233	5969	80			
233	6347	80			
233	6662	80			
233	6977	80			
233	7355	80			
233	7670	80			
233	7985	80			
233	8300	80			
233	10398	10			
233	10399	10			
233	10401	10			
233	10402	10			
233	10403	20			
233	10409	10			
233	10410	10			
233	10415	10			
233	10416	20			
233	10419	10			
233	10424	50			
233	10425	30			
233	10426	20			
233	10427	50			
233	10428	30			
233	10429	20			
233	10431	20			
233	10196	300			
233	10193	80			
233	10194	80			
333	173	82			
333	593	82			
333	1013	60			
333	1433	60			
333	1853	60			
333	2273	82			
333	2693	82			
333	3113	60			
333	3533	60			
333	3953	60			
333	4331	82			
333	4646	82			
333	4961	82			
333	5339	82			
333	5654	82			
333	5969	82			
333	6347	82			
333	6662	82			
333	6977	82			
333	7355	82			
333	7670	82			
333	7985	82			
333	8300	82			
333	10398	10			
333	10399	10			
333	10401	10			
333	10402	10			
333	10403	20			
333	10409	10			
333	10410	10			
333	10415	10			
333	10416	20			
333	10419	10			
333	10424	50			
333	10425	30			
333	10426	20			
333	10427	50			
333	10428	30			
333	10429	20			
333	10431	20			
333	10196	300			
333	10193	80			
333	10194	80			
433	173	84			
433	593	84			
433	1013	62			
433	1433	62			
433	1853	62			
433	2273	84			
433	2693	84			
433	3113	62			
433	3533	62			
433	3953	62			
433	4331	84			
433	4646	84			
433	4961	84			
433	5339	84			
433	5654	84			
433	5969	84			
433	6347	84			
433	6662	84			
433	6977	84			
433	7355	84			
433	7670	84			
433	7985	84			
433	8300	84			
433	10398	10			
433	10399	10			
433	10401	10			
433	10402	10			
433	10403	20			
433	10409	10			
433	10410	10			
433	10415	10			
433	10416	20			
433	10419	10			
433	10424	50			
433	10425	30			
433	10426	20			
433	10427	50			
433	10428	30			
433	10429	20			
433	10431	20			
433	10196	300			
433	10193	80			
433	10194	80			
533	173	86			
533	593	86			
533	1013	64			
533	1433	64			
533	1853	64			
533	2273	86			
533	2693	86			
533	3113	64			
533	3533	64			
533	3953	64			
533	4331	86			
533	4646	86			
533	4961	86			
533	5339	86			
533	5654	86			
533	5969	86			
533	6347	86			
533	6662	86			
533	6977	86			
533	7355	86			
533	7670	86			
533	7985	86			
533	8300	86			
533	10398	10			
533	10399	10			
533	10401	10			
533	10402	10			
533	10403	20			
533	10409	10			
533	10410	10			
533	10415	10			
533	10416	20			
533	10419	10			
533	10424	50			
533	10425	30			
533	10426	20			
533	10427	50			
533	10428	30			
533	10429	20			
533	10431	20			
533	10196	300			
533	10193	80			
533	10194	80			
633	173	88			
633	593	88			
633	1013	66			
633	1433	66			
633	1853	66			
633	2273	88			
633	2693	88			
633	3113	66			
633	3533	66			
633	3953	66			
633	4331	88			
633	4646	88			
633	4961	88			
633	5339	88			
633	5654	88			
633	5969	88			
633	6347	88			
633	6662	88			
633	6977	88			
633	7355	88			
633	7670	88			
633	7985	88			
633	8300	88			
633	10398	10			
633	10399	10			
633	10401	10			
633	10402	10			
633	10403	20			
633	10409	10			
633	10410	10			
633	10415	10			
633	10416	20			
633	10419	10			
633	10424	50			
633	10425	30			
633	10426	20			
633	10427	50			
633	10428	30			
633	10429	20			
633	10431	20			
633	10196	300			
633	10193	90			
633	10194	90			
34	170	90			
34	590	90			
34	1010	70			
34	1430	70			
34	1850	70			
34	2270	90			
34	2690	90			
34	3110	70			
34	3530	70			
34	3950	70			
34	4328	90			
34	4643	90			
34	4958	90			
34	5336	90			
34	5651	90			
34	5966	90			
34	6344	90			
34	6659	90			
34	6974	90			
34	7352	90			
34	7667	90			
34	7982	90			
34	8297	90			
34	10196	300			
34	10193	50			
34	10194	50			
234	170	92			
234	590	92			
234	1010	72			
234	1430	72			
234	1850	72			
234	2270	92			
234	2690	92			
234	3110	72			
234	3530	72			
234	3950	72			
234	4328	92			
234	4643	92			
234	4958	92			
234	5336	92			
234	5651	92			
234	5966	92			
234	6344	92			
234	6659	92			
234	6974	92			
234	7352	92			
234	7667	92			
234	7982	92			
234	8297	92			
234	10196	300			
234	10193	50			
234	10194	50			
334	170	94			
334	590	94			
334	1010	74			
334	1430	74			
334	1850	74			
334	2270	94			
334	2690	94			
334	3110	74			
334	3530	74			
334	3950	74			
334	4328	94			
334	4643	94			
334	4958	94			
334	5336	94			
334	5651	94			
334	5966	94			
334	6344	94			
334	6659	94			
334	6974	94			
334	7352	94			
334	7667	94			
334	7982	94			
334	8297	94			
334	10196	300			
334	10193	50			
334	10194	50			
434	170	96			
434	590	96			
434	1010	76			
434	1430	76			
434	1850	76			
434	2270	96			
434	2690	96			
434	3110	76			
434	3530	76			
434	3950	76			
434	4328	96			
434	4643	96			
434	4958	96			
434	5336	96			
434	5651	96			
434	5966	96			
434	6344	96			
434	6659	96			
434	6974	96			
434	7352	96			
434	7667	96			
434	7982	96			
434	8297	96			
434	10196	300			
434	10193	50			
434	10194	50			
534	170	98			
534	590	98			
534	1010	78			
534	1430	78			
534	1850	78			
534	2270	98			
534	2690	98			
534	3110	78			
534	3530	78			
534	3950	78			
534	4328	98			
534	4643	98			
534	4958	98			
534	5336	98			
534	5651	98			
534	5966	98			
534	6344	98			
534	6659	98			
534	6974	98			
534	7352	98			
534	7667	98			
534	7982	98			
534	8297	98			
534	10196	300			
534	10193	50			
534	10194	50			
634	170	100			
634	590	100			
634	1010	80			
634	1430	80			
634	1850	80			
634	2270	100			
634	2690	100			
634	3110	80			
634	3530	80			
634	3950	80			
634	4328	100			
634	4643	100			
634	4958	100			
634	5336	100			
634	5651	100			
634	5966	100			
634	6344	100			
634	6659	100			
634	6974	100			
634	7352	100			
634	7667	100			
634	7982	100			
634	8297	100			
634	10196	300			
634	10193	50			
634	10194	50			
35	171	70			
35	591	70			
35	1011	50			
35	1431	50			
35	1851	50			
35	2271	70			
35	2691	70			
35	3111	50			
35	3531	50			
35	3951	50			
35	4329	70			
35	4644	70			
35	4959	70			
35	5337	70			
35	5652	70			
35	5967	70			
35	6345	70			
35	6660	70			
35	6975	70			
35	7353	70			
35	7668	70			
35	7983	70			
35	8298	70			
35	10196	300			
35	10193	60			
35	10194	60			
235	171	72			
235	591	72			
235	1011	52			
235	1431	52			
235	1851	52			
235	2271	72			
235	2691	72			
235	3111	52			
235	3531	52			
235	3951	52			
235	4329	72			
235	4644	72			
235	4959	72			
235	5337	72			
235	5652	72			
235	5967	72			
235	6345	72			
235	6660	72			
235	6975	72			
235	7353	72			
235	7668	72			
235	7983	72			
235	8298	72			
235	10196	300			
235	10193	50			
235	10194	50			
335	171	74			
335	591	74			
335	1011	54			
335	1431	54			
335	1851	54			
335	2271	74			
335	2691	74			
335	3111	54			
335	3531	54			
335	3951	54			
335	4329	74			
335	4644	74			
335	4959	74			
335	5337	74			
335	5652	74			
335	5967	74			
335	6345	74			
335	6660	74			
335	6975	74			
335	7353	74			
335	7668	74			
335	7983	74			
335	8298	74			
335	10196	300			
335	10193	50			
335	10194	50			
435	171	76			
435	591	76			
435	1011	56			
435	1431	56			
435	1851	56			
435	2271	76			
435	2691	76			
435	3111	56			
435	3531	56			
435	3951	56			
435	4329	76			
435	4644	76			
435	4959	76			
435	5337	76			
435	5652	76			
435	5967	76			
435	6345	76			
435	6660	76			
435	6975	76			
435	7353	76			
435	7668	76			
435	7983	76			
435	8298	76			
435	10196	300			
435	10193	50			
435	10194	50			
535	171	78			
535	591	78			
535	1011	58			
535	1431	58			
535	1851	58			
535	2271	78			
535	2691	78			
535	3111	58			
535	3531	58			
535	3951	58			
535	4329	78			
535	4644	78			
535	4959	78			
535	5337	78			
535	5652	78			
535	5967	78			
535	6345	78			
535	6660	78			
535	6975	78			
535	7353	78			
535	7668	78			
535	7983	78			
535	8298	78			
535	10196	300			
535	10193	50			
535	10194	50			
635	171	80			
635	591	80			
635	1011	60			
635	1431	60			
635	1851	60			
635	2271	80			
635	2691	80			
635	3111	60			
635	3531	60			
635	3951	60			
635	4329	80			
635	4644	80			
635	4959	80			
635	5337	80			
635	5652	80			
635	5967	80			
635	6345	80			
635	6660	80			
635	6975	80			
635	7353	80			
635	7668	80			
635	7983	80			
635	8298	80			
635	10196	300			
635	10193	60			
635	10194	60			
36	171	50			
36	591	50			
36	1011	30			
36	1431	30			
36	1851	30			
36	2271	50			
36	2691	50			
36	3111	30			
36	3531	30			
36	3951	30			
36	4329	50			
36	4644	50			
36	4959	50			
36	5337	50			
36	5652	50			
36	5967	50			
36	6345	50			
36	6660	50			
36	6975	50			
36	7353	50			
36	7668	50			
36	7983	50			
36	8298	50			
36	10196	300			
36	10193	50			
36	10194	50			
236	171	52			
236	591	52			
236	1011	32			
236	1431	32			
236	1851	32			
236	2271	52			
236	2691	52			
236	3111	32			
236	3531	32			
236	3951	32			
236	4329	52			
236	4644	52			
236	4959	52			
236	5337	52			
236	5652	52			
236	5967	52			
236	6345	52			
236	6660	52			
236	6975	52			
236	7353	52			
236	7668	52			
236	7983	52			
236	8298	52			
236	10196	300			
236	10193	50			
236	10194	50			
336	171	54			
336	591	54			
336	1011	34			
336	1431	34			
336	1851	34			
336	2271	54			
336	2691	54			
336	3111	34			
336	3531	34			
336	3951	34			
336	4329	54			
336	4644	54			
336	4959	54			
336	5337	54			
336	5652	54			
336	5967	54			
336	6345	54			
336	6660	54			
336	6975	54			
336	7353	54			
336	7668	54			
336	7983	54			
336	8298	54			
336	10196	300			
336	10193	50			
336	10194	50			
436	171	56			
436	591	56			
436	1011	36			
436	1431	36			
436	1851	36			
436	2271	56			
436	2691	56			
436	3111	36			
436	3531	36			
436	3951	36			
436	4329	56			
436	4644	56			
436	4959	56			
436	5337	56			
436	5652	56			
436	5967	56			
436	6345	56			
436	6660	56			
436	6975	56			
436	7353	56			
436	7668	56			
436	7983	56			
436	8298	56			
436	10196	300			
436	10193	50			
436	10194	50			
536	171	58			
536	591	58			
536	1011	38			
536	1431	38			
536	1851	38			
536	2271	58			
536	2691	58			
536	3111	38			
536	3531	38			
536	3951	38			
536	4329	58			
536	4644	58			
536	4959	58			
536	5337	58			
536	5652	58			
536	5967	58			
536	6345	58			
536	6660	58			
536	6975	58			
536	7353	58			
536	7668	58			
536	7983	58			
536	8298	58			
536	10196	300			
536	10193	50			
536	10194	50			
636	171	60			
636	591	60			
636	1011	40			
636	1431	40			
636	1851	40			
636	2271	60			
636	2691	60			
636	3111	40			
636	3531	40			
636	3951	40			
636	4329	60			
636	4644	60			
636	4959	60			
636	5337	60			
636	5652	60			
636	5967	60			
636	6345	60			
636	6660	60			
636	6975	60			
636	7353	60			
636	7668	60			
636	7983	60			
636	8298	60			
636	10196	300			
636	10193	60			
636	10194	60			
37	171	90			
37	591	90			
37	1011	70			
37	1431	70			
37	1851	70			
37	2271	90			
37	2691	90			
37	3111	70			
37	3531	70			
37	3951	70			
37	4329	90			
37	4644	90			
37	4959	90			
37	5337	90			
37	5652	90			
37	5967	90			
37	6345	90			
37	6660	90			
37	6975	90			
37	7353	90			
37	7668	90			
37	7983	90			
37	8298	90			
37	10196	300			
37	10193	50			
37	10194	50			
237	171	92			
237	591	92			
237	1011	72			
237	1431	72			
237	1851	72			
237	2271	92			
237	2691	92			
237	3111	72			
237	3531	72			
237	3951	72			
237	4329	92			
237	4644	92			
237	4959	92			
237	5337	92			
237	5652	92			
237	5967	92			
237	6345	92			
237	6660	92			
237	6975	92			
237	7353	92			
237	7668	92			
237	7983	92			
237	8298	92			
237	10196	300			
237	10193	50			
237	10194	50			
337	171	94			
337	591	94			
337	1011	74			
337	1431	74			
337	1851	74			
337	2271	94			
337	2691	94			
337	3111	74			
337	3531	74			
337	3951	74			
337	4329	94			
337	4644	94			
337	4959	94			
337	5337	94			
337	5652	94			
337	5967	94			
337	6345	94			
337	6660	94			
337	6975	94			
337	7353	94			
337	7668	94			
337	7983	94			
337	8298	94			
337	10196	300			
337	10193	50			
337	10194	50			
437	171	96			
437	591	96			
437	1011	76			
437	1431	76			
437	1851	76			
437	2271	96			
437	2691	96			
437	3111	76			
437	3531	76			
437	3951	76			
437	4329	96			
437	4644	96			
437	4959	96			
437	5337	96			
437	5652	96			
437	5967	96			
437	6345	96			
437	6660	96			
437	6975	96			
437	7353	96			
437	7668	96			
437	7983	96			
437	8298	96			
437	10196	300			
437	10193	50			
437	10194	50			
537	171	98			
537	591	98			
537	1011	78			
537	1431	78			
537	1851	78			
537	2271	98			
537	2691	98			
537	3111	78			
537	3531	78			
537	3951	78			
537	4329	98			
537	4644	98			
537	4959	98			
537	5337	98			
537	5652	98			
537	5967	98			
537	6345	98			
537	6660	98			
537	6975	98			
537	7353	98			
537	7668	98			
537	7983	98			
537	8298	98			
537	10196	300			
537	10193	50			
537	10194	50			
637	171	100			
637	591	100			
637	1011	80			
637	1431	80			
637	1851	80			
637	2271	100			
637	2691	100			
637	3111	80			
637	3531	80			
637	3951	80			
637	4329	100			
637	4644	100			
637	4959	100			
637	5337	100			
637	5652	100			
637	5967	100			
637	6345	100			
637	6660	100			
637	6975	100			
637	7353	100			
637	7668	100			
637	7983	100			
637	8298	100			
637	10196	300			
637	10193	50			
637	10194	50			
38	172	50			
38	592	50			
38	1012	30			
38	1432	30			
38	1852	30			
38	2272	50			
38	2692	50			
38	3112	30			
38	3532	30			
38	3952	30			
38	4330	50			
38	4645	50			
38	4960	50			
38	5338	50			
38	5653	50			
38	5968	50			
38	6346	50			
38	6661	50			
38	6976	50			
38	7354	50			
38	7669	50			
38	7984	50			
38	8299	50			
38	10196	300			
38	10193	50			
38	10194	50			
238	172	52			
238	592	52			
238	1012	32			
238	1432	32			
238	1852	32			
238	2272	52			
238	2692	52			
238	3112	32			
238	3532	32			
238	3952	32			
238	4330	52			
238	4645	52			
238	4960	52			
238	5338	52			
238	5653	52			
238	5968	52			
238	6346	52			
238	6661	52			
238	6976	52			
238	7354	52			
238	7669	52			
238	7984	52			
238	8299	52			
238	10196	300			
238	10193	50			
238	10194	50			
338	172	54			
338	592	54			
338	1012	34			
338	1432	34			
338	1852	34			
338	2272	54			
338	2692	54			
338	3112	34			
338	3532	34			
338	3952	34			
338	4330	54			
338	4645	54			
338	4960	54			
338	5338	54			
338	5653	54			
338	5968	54			
338	6346	54			
338	6661	54			
338	6976	54			
338	7354	54			
338	7669	54			
338	7984	54			
338	8299	54			
338	10196	300			
338	10193	50			
338	10194	50			
438	172	56			
438	592	56			
438	1012	36			
438	1432	36			
438	1852	36			
438	2272	56			
438	2692	56			
438	3112	36			
438	3532	36			
438	3952	36			
438	4330	56			
438	4645	56			
438	4960	56			
438	5338	56			
438	5653	56			
438	5968	56			
438	6346	56			
438	6661	56			
438	6976	56			
438	7354	56			
438	7669	56			
438	7984	56			
438	8299	56			
438	10196	300			
438	10193	50			
438	10194	50			
538	172	58			
538	592	58			
538	1012	38			
538	1432	38			
538	1852	38			
538	2272	58			
538	2692	58			
538	3112	38			
538	3532	38			
538	3952	38			
538	4330	58			
538	4645	58			
538	4960	58			
538	5338	58			
538	5653	58			
538	5968	58			
538	6346	58			
538	6661	58			
538	6976	58			
538	7354	58			
538	7669	58			
538	7984	58			
538	8299	58			
538	10196	300			
538	10193	50			
538	10194	50			
638	172	60			
638	592	60			
638	1012	40			
638	1432	40			
638	1852	40			
638	2272	60			
638	2692	60			
638	3112	40			
638	3532	40			
638	3952	40			
638	4330	60			
638	4645	60			
638	4960	60			
638	5338	60			
638	5653	60			
638	5968	60			
638	6346	60			
638	6661	60			
638	6976	60			
638	7354	60			
638	7669	60			
638	7984	60			
638	8299	60			
638	10196	300			
638	10193	60			
638	10194	60			
39	173	88			
39	593	88			
39	1013	66			
39	1433	66			
39	1853	66			
39	2273	88			
39	2693	88			
39	3113	66			
39	3533	66			
39	3953	66			
39	4331	88			
39	4646	88			
39	4961	88			
39	5339	88			
39	5654	88			
39	5969	88			
39	6347	88			
39	6662	88			
39	6977	88			
39	7355	88			
39	7670	88			
39	7985	88			
39	8300	88			
39	10398	10			
39	10399	10			
39	10401	10			
39	10402	10			
39	10403	20			
39	10409	10			
39	10410	10			
39	10415	10			
39	10416	20			
39	10419	10			
39	10424	50			
39	10425	30			
39	10426	20			
39	10427	50			
39	10428	30			
39	10429	20			
39	10431	20			
39	10196	300			
39	10193	80			
39	10194	80			
239	173	91			
239	593	91			
239	1013	69			
239	1433	69			
239	1853	69			
239	2273	91			
239	2693	91			
239	3113	69			
239	3533	69			
239	3953	69			
239	4331	91			
239	4646	91			
239	4961	91			
239	5339	91			
239	5654	91			
239	5969	91			
239	6347	91			
239	6662	91			
239	6977	91			
239	7355	91			
239	7670	91			
239	7985	91			
239	8300	91			
239	10398	10			
239	10399	10			
239	10401	10			
239	10402	10			
239	10403	20			
239	10409	10			
239	10410	10			
239	10415	10			
239	10416	20			
239	10419	10			
239	10424	50			
239	10425	30			
239	10426	20			
239	10427	50			
239	10428	30			
239	10429	20			
239	10431	20			
239	10196	300			
239	10193	80			
239	10194	80			
339	173	93			
339	593	93			
339	1013	71			
339	1433	71			
339	1853	71			
339	2273	93			
339	2693	93			
339	3113	71			
339	3533	71			
339	3953	71			
339	4331	93			
339	4646	93			
339	4961	93			
339	5339	93			
339	5654	93			
339	5969	93			
339	6347	93			
339	6662	93			
339	6977	93			
339	7355	93			
339	7670	93			
339	7985	93			
339	8300	93			
339	10398	10			
339	10399	10			
339	10401	10			
339	10402	10			
339	10403	20			
339	10409	10			
339	10410	10			
339	10415	10			
339	10416	20			
339	10419	10			
339	10424	50			
339	10425	30			
339	10426	20			
339	10427	50			
339	10428	30			
339	10429	20			
339	10431	20			
339	10196	300			
339	10193	80			
339	10194	80			
439	173	95			
439	593	95			
439	1013	73			
439	1433	73			
439	1853	73			
439	2273	95			
439	2693	95			
439	3113	73			
439	3533	73			
439	3953	73			
439	4331	95			
439	4646	95			
439	4961	95			
439	5339	95			
439	5654	95			
439	5969	95			
439	6347	95			
439	6662	95			
439	6977	95			
439	7355	95			
439	7670	95			
439	7985	95			
439	8300	95			
439	10398	10			
439	10399	10			
439	10401	10			
439	10402	10			
439	10403	20			
439	10409	10			
439	10410	10			
439	10415	10			
439	10416	20			
439	10419	10			
439	10424	50			
439	10425	30			
439	10426	20			
439	10427	50			
439	10428	30			
439	10429	20			
439	10431	20			
439	10196	300			
439	10193	80			
439	10194	80			
539	173	97			
539	593	97			
539	1013	75			
539	1433	75			
539	1853	75			
539	2273	97			
539	2693	97			
539	3113	75			
539	3533	75			
539	3953	75			
539	4331	97			
539	4646	97			
539	4961	97			
539	5339	97			
539	5654	97			
539	5969	97			
539	6347	97			
539	6662	97			
539	6977	97			
539	7355	97			
539	7670	97			
539	7985	97			
539	8300	97			
539	10398	10			
539	10399	10			
539	10401	10			
539	10402	10			
539	10403	20			
539	10409	10			
539	10410	10			
539	10415	10			
539	10416	20			
539	10419	10			
539	10424	50			
539	10425	30			
539	10426	20			
539	10427	50			
539	10428	30			
539	10429	20			
539	10431	20			
539	10196	300			
539	10193	80			
539	10194	80			
639	173	99			
639	593	99			
639	1013	77			
639	1433	77			
639	1853	77			
639	2273	99			
639	2693	99			
639	3113	77			
639	3533	77			
639	3953	77			
639	4331	99			
639	4646	99			
639	4961	99			
639	5339	99			
639	5654	99			
639	5969	99			
639	6347	99			
639	6662	99			
639	6977	99			
639	7355	99			
639	7670	99			
639	7985	99			
639	8300	99			
639	10398	10			
639	10399	10			
639	10401	10			
639	10402	10			
639	10403	20			
639	10409	10			
639	10410	10			
639	10415	10			
639	10416	20			
639	10419	10			
639	10424	50			
639	10425	30			
639	10426	20			
639	10427	50			
639	10428	30			
639	10429	20			
639	10431	20			
639	10196	300			
639	10193	90			
639	10194	90			
40	173	99			
40	593	99			
40	1013	77			
40	1433	77			
40	1853	77			
40	2273	99			
40	2693	99			
40	3113	77			
40	3533	77			
40	3953	77			
40	4331	99			
40	4646	99			
40	4961	99			
40	5339	99			
40	5654	99			
40	5969	99			
40	6347	99			
40	6662	99			
40	6977	99			
40	7355	99			
40	7670	99			
40	7985	99			
40	8300	99			
40	10398	10			
40	10399	10			
40	10401	10			
40	10402	10			
40	10403	20			
40	10409	10			
40	10410	10			
40	10415	10			
40	10416	20			
40	10419	10			
40	10424	50			
40	10425	30			
40	10426	20			
40	10427	50			
40	10428	30			
40	10429	20			
40	10431	20			
40	10196	300			
40	10193	80			
40	10194	80			
240	173	102			
240	593	102			
240	1013	80			
240	1433	80			
240	1853	80			
240	2273	102			
240	2693	102			
240	3113	80			
240	3533	80			
240	3953	80			
240	4331	102			
240	4646	102			
240	4961	102			
240	5339	102			
240	5654	102			
240	5969	102			
240	6347	102			
240	6662	102			
240	6977	102			
240	7355	102			
240	7670	102			
240	7985	102			
240	8300	102			
240	10398	10			
240	10399	10			
240	10401	10			
240	10402	10			
240	10403	20			
240	10409	10			
240	10410	10			
240	10415	10			
240	10416	20			
240	10419	10			
240	10424	50			
240	10425	30			
240	10426	20			
240	10427	50			
240	10428	30			
240	10429	20			
240	10431	20			
240	10196	300			
240	10193	80			
240	10194	80			
340	173	104			
340	593	104			
340	1013	82			
340	1433	82			
340	1853	82			
340	2273	104			
340	2693	104			
340	3113	82			
340	3533	82			
340	3953	82			
340	4331	104			
340	4646	104			
340	4961	104			
340	5339	104			
340	5654	104			
340	5969	104			
340	6347	104			
340	6662	104			
340	6977	104			
340	7355	104			
340	7670	104			
340	7985	104			
340	8300	104			
340	10398	10			
340	10399	10			
340	10401	10			
340	10402	10			
340	10403	20			
340	10409	10			
340	10410	10			
340	10415	10			
340	10416	20			
340	10419	10			
340	10424	50			
340	10425	30			
340	10426	20			
340	10427	50			
340	10428	30			
340	10429	20			
340	10431	20			
340	10196	300			
340	10193	80			
340	10194	80			
440	173	106			
440	593	106			
440	1013	84			
440	1433	84			
440	1853	84			
440	2273	106			
440	2693	106			
440	3113	84			
440	3533	84			
440	3953	84			
440	4331	106			
440	4646	106			
440	4961	106			
440	5339	106			
440	5654	106			
440	5969	106			
440	6347	106			
440	6662	106			
440	6977	106			
440	7355	106			
440	7670	106			
440	7985	106			
440	8300	106			
440	10398	10			
440	10399	10			
440	10401	10			
440	10402	10			
440	10403	20			
440	10409	10			
440	10410	10			
440	10415	10			
440	10416	20			
440	10419	10			
440	10424	50			
440	10425	30			
440	10426	20			
440	10427	50			
440	10428	30			
440	10429	20			
440	10431	20			
440	10196	300			
440	10193	80			
440	10194	80			
540	173	108			
540	593	108			
540	1013	86			
540	1433	86			
540	1853	86			
540	2273	108			
540	2693	108			
540	3113	86			
540	3533	86			
540	3953	86			
540	4331	108			
540	4646	108			
540	4961	108			
540	5339	108			
540	5654	108			
540	5969	108			
540	6347	108			
540	6662	108			
540	6977	108			
540	7355	108			
540	7670	108			
540	7985	108			
540	8300	108			
540	10398	10			
540	10399	10			
540	10401	10			
540	10402	10			
540	10403	20			
540	10409	10			
540	10410	10			
540	10415	10			
540	10416	20			
540	10419	10			
540	10424	50			
540	10425	30			
540	10426	20			
540	10427	50			
540	10428	30			
540	10429	20			
540	10431	20			
540	10196	300			
540	10193	80			
540	10194	80			
640	173	110			
640	593	110			
640	1013	88			
640	1433	88			
640	1853	88			
640	2273	110			
640	2693	110			
640	3113	88			
640	3533	88			
640	3953	88			
640	4331	110			
640	4646	110			
640	4961	110			
640	5339	110			
640	5654	110			
640	5969	110			
640	6347	110			
640	6662	110			
640	6977	110			
640	7355	110			
640	7670	110			
640	7985	110			
640	8300	110			
640	10398	10			
640	10399	10			
640	10401	10			
640	10402	10			
640	10403	20			
640	10409	10			
640	10410	10			
640	10415	10			
640	10416	20			
640	10419	10			
640	10424	50			
640	10425	30			
640	10426	20			
640	10427	50			
640	10428	30			
640	10429	20			
640	10431	20			
640	10196	300			
640	10193	90			
640	10194	90			
41	174	88			
41	594	88			
41	1014	66			
41	1434	66			
41	1854	66			
41	2274	88			
41	2694	88			
41	3114	66			
41	3534	66			
41	3954	66			
41	4332	88			
41	4647	88			
41	4962	88			
41	5340	88			
41	5655	88			
41	5970	88			
41	6348	88			
41	6663	88			
41	6978	88			
41	7356	88			
41	7671	88			
41	7986	88			
41	8301	88			
41	10398	10			
41	10399	10			
41	10401	10			
41	10402	10			
41	10403	20			
41	10409	10			
41	10410	10			
41	10415	10			
41	10416	20			
41	10419	10			
41	10424	50			
41	10425	30			
41	10426	20			
41	10427	50			
41	10428	30			
41	10429	20			
41	10431	20			
41	10196	300			
41	10193	80			
41	10194	80			
241	174	91			
241	594	91			
241	1014	69			
241	1434	69			
241	1854	69			
241	2274	91			
241	2694	91			
241	3114	69			
241	3534	69			
241	3954	69			
241	4332	91			
241	4647	91			
241	4962	91			
241	5340	91			
241	5655	91			
241	5970	91			
241	6348	91			
241	6663	91			
241	6978	91			
241	7356	91			
241	7671	91			
241	7986	91			
241	8301	91			
241	10398	10			
241	10399	10			
241	10401	10			
241	10402	10			
241	10403	20			
241	10409	10			
241	10410	10			
241	10415	10			
241	10416	20			
241	10419	10			
241	10424	50			
241	10425	30			
241	10426	20			
241	10427	50			
241	10428	30			
241	10429	20			
241	10431	20			
241	10196	300			
241	10193	80			
241	10194	80			
341	174	93			
341	594	93			
341	1014	71			
341	1434	71			
341	1854	71			
341	2274	93			
341	2694	93			
341	3114	71			
341	3534	71			
341	3954	71			
341	4332	93			
341	4647	93			
341	4962	93			
341	5340	93			
341	5655	93			
341	5970	93			
341	6348	93			
341	6663	93			
341	6978	93			
341	7356	93			
341	7671	93			
341	7986	93			
341	8301	93			
341	10398	10			
341	10399	10			
341	10401	10			
341	10402	10			
341	10403	20			
341	10409	10			
341	10410	10			
341	10415	10			
341	10416	20			
341	10419	10			
341	10424	50			
341	10425	30			
341	10426	20			
341	10427	50			
341	10428	30			
341	10429	20			
341	10431	20			
341	10196	300			
341	10193	80			
341	10194	80			
441	174	95			
441	594	95			
441	1014	73			
441	1434	73			
441	1854	73			
441	2274	95			
441	2694	95			
441	3114	73			
441	3534	73			
441	3954	73			
441	4332	95			
441	4647	95			
441	4962	95			
441	5340	95			
441	5655	95			
441	5970	95			
441	6348	95			
441	6663	95			
441	6978	95			
441	7356	95			
441	7671	95			
441	7986	95			
441	8301	95			
441	10398	10			
441	10399	10			
441	10401	10			
441	10402	10			
441	10403	20			
441	10409	10			
441	10410	10			
441	10415	10			
441	10416	20			
441	10419	10			
441	10424	50			
441	10425	30			
441	10426	20			
441	10427	50			
441	10428	30			
441	10429	20			
441	10431	20			
441	10196	300			
441	10193	80			
441	10194	80			
541	174	97			
541	594	97			
541	1014	75			
541	1434	75			
541	1854	75			
541	2274	97			
541	2694	97			
541	3114	75			
541	3534	75			
541	3954	75			
541	4332	97			
541	4647	97			
541	4962	97			
541	5340	97			
541	5655	97			
541	5970	97			
541	6348	97			
541	6663	97			
541	6978	97			
541	7356	97			
541	7671	97			
541	7986	97			
541	8301	97			
541	10398	10			
541	10399	10			
541	10401	10			
541	10402	10			
541	10403	20			
541	10409	10			
541	10410	10			
541	10415	10			
541	10416	20			
541	10419	10			
541	10424	50			
541	10425	30			
541	10426	20			
541	10427	50			
541	10428	30			
541	10429	20			
541	10431	20			
541	10196	300			
541	10193	80			
541	10194	80			
641	174	99			
641	594	99			
641	1014	77			
641	1434	77			
641	1854	77			
641	2274	99			
641	2694	99			
641	3114	77			
641	3534	77			
641	3954	77			
641	4332	99			
641	4647	99			
641	4962	99			
641	5340	99			
641	5655	99			
641	5970	99			
641	6348	99			
641	6663	99			
641	6978	99			
641	7356	99			
641	7671	99			
641	7986	99			
641	8301	99			
641	10398	10			
641	10399	10			
641	10401	10			
641	10402	10			
641	10403	20			
641	10409	10			
641	10410	10			
641	10415	10			
641	10416	20			
641	10419	10			
641	10424	50			
641	10425	30			
641	10426	20			
641	10427	50			
641	10428	30			
641	10429	20			
641	10431	20			
641	10196	300			
641	10193	90			
641	10194	90			
42	172	90			
42	592	90			
42	1012	70			
42	1432	70			
42	1852	70			
42	2272	90			
42	2692	90			
42	3112	70			
42	3532	70			
42	3952	70			
42	4330	90			
42	4645	90			
42	4960	90			
42	5338	90			
42	5653	90			
42	5968	90			
42	6346	90			
42	6661	90			
42	6976	90			
42	7354	90			
42	7669	90			
42	7984	90			
42	8299	90			
42	10196	300			
42	10193	50			
42	10194	50			
242	172	92			
242	592	92			
242	1012	72			
242	1432	72			
242	1852	72			
242	2272	92			
242	2692	92			
242	3112	72			
242	3532	72			
242	3952	72			
242	4330	92			
242	4645	92			
242	4960	92			
242	5338	92			
242	5653	92			
242	5968	92			
242	6346	92			
242	6661	92			
242	6976	92			
242	7354	92			
242	7669	92			
242	7984	92			
242	8299	92			
242	10196	300			
242	10193	50			
242	10194	50			
342	172	94			
342	592	94			
342	1012	74			
342	1432	74			
342	1852	74			
342	2272	94			
342	2692	94			
342	3112	74			
342	3532	74			
342	3952	74			
342	4330	94			
342	4645	94			
342	4960	94			
342	5338	94			
342	5653	94			
342	5968	94			
342	6346	94			
342	6661	94			
342	6976	94			
342	7354	94			
342	7669	94			
342	7984	94			
342	8299	94			
342	10196	300			
342	10193	50			
342	10194	50			
442	172	96			
442	592	96			
442	1012	76			
442	1432	76			
442	1852	76			
442	2272	96			
442	2692	96			
442	3112	76			
442	3532	76			
442	3952	76			
442	4330	96			
442	4645	96			
442	4960	96			
442	5338	96			
442	5653	96			
442	5968	96			
442	6346	96			
442	6661	96			
442	6976	96			
442	7354	96			
442	7669	96			
442	7984	96			
442	8299	96			
442	10196	300			
442	10193	50			
442	10194	50			
542	172	98			
542	592	98			
542	1012	78			
542	1432	78			
542	1852	78			
542	2272	98			
542	2692	98			
542	3112	78			
542	3532	78			
542	3952	78			
542	4330	98			
542	4645	98			
542	4960	98			
542	5338	98			
542	5653	98			
542	5968	98			
542	6346	98			
542	6661	98			
542	6976	98			
542	7354	98			
542	7669	98			
542	7984	98			
542	8299	98			
542	10196	300			
542	10193	50			
542	10194	50			
642	172	100			
642	592	100			
642	1012	80			
642	1432	80			
642	1852	80			
642	2272	100			
642	2692	100			
642	3112	80			
642	3532	80			
642	3952	80			
642	4330	100			
642	4645	100			
642	4960	100			
642	5338	100			
642	5653	100			
642	5968	100			
642	6346	100			
642	6661	100			
642	6976	100			
642	7354	100			
642	7669	100			
642	7984	100			
642	8299	100			
642	10196	300			
642	10193	50			
642	10194	50			
43	174	77			
43	594	77			
43	1014	55			
43	1434	55			
43	1854	55			
43	2274	77			
43	2694	77			
43	3114	55			
43	3534	55			
43	3954	55			
43	4332	77			
43	4647	77			
43	4962	77			
43	5340	77			
43	5655	77			
43	5970	77			
43	6348	77			
43	6663	77			
43	6978	77			
43	7356	77			
43	7671	77			
43	7986	77			
43	8301	77			
43	10398	10			
43	10399	10			
43	10401	10			
43	10402	10			
43	10403	20			
43	10409	10			
43	10410	10			
43	10415	10			
43	10416	20			
43	10419	10			
43	10424	50			
43	10425	30			
43	10426	20			
43	10427	50			
43	10428	30			
43	10429	20			
43	10431	20			
43	10196	300			
43	10193	80			
43	10194	80			
243	174	80			
243	594	80			
243	1014	58			
243	1434	58			
243	1854	58			
243	2274	80			
243	2694	80			
243	3114	58			
243	3534	58			
243	3954	58			
243	4332	80			
243	4647	80			
243	4962	80			
243	5340	80			
243	5655	80			
243	5970	80			
243	6348	80			
243	6663	80			
243	6978	80			
243	7356	80			
243	7671	80			
243	7986	80			
243	8301	80			
243	10398	10			
243	10399	10			
243	10401	10			
243	10402	10			
243	10403	20			
243	10409	10			
243	10410	10			
243	10415	10			
243	10416	20			
243	10419	10			
243	10424	50			
243	10425	30			
243	10426	20			
243	10427	50			
243	10428	30			
243	10429	20			
243	10431	20			
243	10196	300			
243	10193	80			
243	10194	80			
343	174	82			
343	594	82			
343	1014	60			
343	1434	60			
343	1854	60			
343	2274	82			
343	2694	82			
343	3114	60			
343	3534	60			
343	3954	60			
343	4332	82			
343	4647	82			
343	4962	82			
343	5340	82			
343	5655	82			
343	5970	82			
343	6348	82			
343	6663	82			
343	6978	82			
343	7356	82			
343	7671	82			
343	7986	82			
343	8301	82			
343	10398	10			
343	10399	10			
343	10401	10			
343	10402	10			
343	10403	20			
343	10409	10			
343	10410	10			
343	10415	10			
343	10416	20			
343	10419	10			
343	10424	50			
343	10425	30			
343	10426	20			
343	10427	50			
343	10428	30			
343	10429	20			
343	10431	20			
343	10196	300			
343	10193	80			
343	10194	80			
443	174	84			
443	594	84			
443	1014	62			
443	1434	62			
443	1854	62			
443	2274	84			
443	2694	84			
443	3114	62			
443	3534	62			
443	3954	62			
443	4332	84			
443	4647	84			
443	4962	84			
443	5340	84			
443	5655	84			
443	5970	84			
443	6348	84			
443	6663	84			
443	6978	84			
443	7356	84			
443	7671	84			
443	7986	84			
443	8301	84			
443	10398	10			
443	10399	10			
443	10401	10			
443	10402	10			
443	10403	20			
443	10409	10			
443	10410	10			
443	10415	10			
443	10416	20			
443	10419	10			
443	10424	50			
443	10425	30			
443	10426	20			
443	10427	50			
443	10428	30			
443	10429	20			
443	10431	20			
443	10196	300			
443	10193	80			
443	10194	80			
543	174	86			
543	594	86			
543	1014	64			
543	1434	64			
543	1854	64			
543	2274	86			
543	2694	86			
543	3114	64			
543	3534	64			
543	3954	64			
543	4332	86			
543	4647	86			
543	4962	86			
543	5340	86			
543	5655	86			
543	5970	86			
543	6348	86			
543	6663	86			
543	6978	86			
543	7356	86			
543	7671	86			
543	7986	86			
543	8301	86			
543	10398	10			
543	10399	10			
543	10401	10			
543	10402	10			
543	10403	20			
543	10409	10			
543	10410	10			
543	10415	10			
543	10416	20			
543	10419	10			
543	10424	50			
543	10425	30			
543	10426	20			
543	10427	50			
543	10428	30			
543	10429	20			
543	10431	20			
543	10196	300			
543	10193	80			
543	10194	80			
643	174	88			
643	594	88			
643	1014	66			
643	1434	66			
643	1854	66			
643	2274	88			
643	2694	88			
643	3114	66			
643	3534	66			
643	3954	66			
643	4332	88			
643	4647	88			
643	4962	88			
643	5340	88			
643	5655	88			
643	5970	88			
643	6348	88			
643	6663	88			
643	6978	88			
643	7356	88			
643	7671	88			
643	7986	88			
643	8301	88			
643	10398	10			
643	10399	10			
643	10401	10			
643	10402	10			
643	10403	20			
643	10409	10			
643	10410	10			
643	10415	10			
643	10416	20			
643	10419	10			
643	10424	50			
643	10425	30			
643	10426	20			
643	10427	50			
643	10428	30			
643	10429	20			
643	10431	20			
643	10196	300			
643	10193	90			
643	10194	90			
44	171	80			
44	591	80			
44	1011	60			
44	1431	60			
44	1851	60			
44	2271	80			
44	2691	80			
44	3111	60			
44	3531	60			
44	3951	60			
44	4329	80			
44	4644	80			
44	4959	80			
44	5337	80			
44	5652	80			
44	5967	80			
44	6345	80			
44	6660	80			
44	6975	80			
44	7353	80			
44	7668	80			
44	7983	80			
44	8298	80			
44	10196	300			
44	10193	50			
44	10194	50			
244	171	82			
244	591	82			
244	1011	62			
244	1431	62			
244	1851	62			
244	2271	82			
244	2691	82			
244	3111	62			
244	3531	62			
244	3951	62			
244	4329	82			
244	4644	82			
244	4959	82			
244	5337	82			
244	5652	82			
244	5967	82			
244	6345	82			
244	6660	82			
244	6975	82			
244	7353	82			
244	7668	82			
244	7983	82			
244	8298	82			
244	10196	300			
244	10193	50			
244	10194	50			
344	171	84			
344	591	84			
344	1011	64			
344	1431	64			
344	1851	64			
344	2271	84			
344	2691	84			
344	3111	64			
344	3531	64			
344	3951	64			
344	4329	84			
344	4644	84			
344	4959	84			
344	5337	84			
344	5652	84			
344	5967	84			
344	6345	84			
344	6660	84			
344	6975	84			
344	7353	84			
344	7668	84			
344	7983	84			
344	8298	84			
344	10196	300			
344	10193	50			
344	10194	50			
444	171	86			
444	591	86			
444	1011	66			
444	1431	66			
444	1851	66			
444	2271	86			
444	2691	86			
444	3111	66			
444	3531	66			
444	3951	66			
444	4329	86			
444	4644	86			
444	4959	86			
444	5337	86			
444	5652	86			
444	5967	86			
444	6345	86			
444	6660	86			
444	6975	86			
444	7353	86			
444	7668	86			
444	7983	86			
444	8298	86			
444	10196	300			
444	10193	50			
444	10194	50			
544	171	88			
544	591	88			
544	1011	68			
544	1431	68			
544	1851	68			
544	2271	88			
544	2691	88			
544	3111	68			
544	3531	68			
544	3951	68			
544	4329	88			
544	4644	88			
544	4959	88			
544	5337	88			
544	5652	88			
544	5967	88			
544	6345	88			
544	6660	88			
544	6975	88			
544	7353	88			
544	7668	88			
544	7983	88			
544	8298	88			
544	10196	300			
544	10193	50			
544	10194	50			
644	171	90			
644	591	90			
644	1011	70			
644	1431	70			
644	1851	70			
644	2271	90			
644	2691	90			
644	3111	70			
644	3531	70			
644	3951	70			
644	4329	90			
644	4644	90			
644	4959	90			
644	5337	90			
644	5652	90			
644	5967	90			
644	6345	90			
644	6660	90			
644	6975	90			
644	7353	90			
644	7668	90			
644	7983	90			
644	8298	90			
644	10196	300			
644	10193	50			
644	10194	50			
45	10899	33			
45	10920	33			
45	10941	33			
45	11088	33			
45	11109	33			
45	11130	33			
45	11235	33			
45	11298	33			
45	11361	33			
45	11550	33			
45	11676	33			
45	11802	33			
45	10398	20			
45	10399	20			
45	10401	20			
45	10402	20			
45	10403	30			
45	10409	20			
45	10410	20			
45	10415	20			
45	10416	30			
45	10419	20			
45	10424	60			
45	10425	40			
45	10426	30			
45	10427	60			
45	10428	40			
45	10429	30			
45	10431	30			
45	10196	400			
45	10193	100			
45	10194	100			
245	10899	36			
245	10920	36			
245	10941	36			
245	11088	36			
245	11109	36			
245	11130	36			
245	11235	36			
245	11298	36			
245	11361	36			
245	11550	36			
245	11676	36			
245	11802	36			
245	10398	20			
245	10399	20			
245	10401	20			
245	10402	20			
245	10403	30			
245	10409	20			
245	10410	20			
245	10415	20			
245	10416	30			
245	10419	20			
245	10424	60			
245	10425	40			
245	10426	30			
245	10427	60			
245	10428	40			
245	10429	30			
245	10431	30			
245	10196	400			
245	10193	100			
245	10194	100			
345	10899	38			
345	10920	38			
345	10941	38			
345	11088	38			
345	11109	38			
345	11130	38			
345	11235	38			
345	11298	38			
345	11361	38			
345	11550	38			
345	11676	38			
345	11802	38			
345	10398	20			
345	10399	20			
345	10401	20			
345	10402	20			
345	10403	30			
345	10409	20			
345	10410	20			
345	10415	20			
345	10416	30			
345	10419	20			
345	10424	60			
345	10425	40			
345	10426	30			
345	10427	60			
345	10428	40			
345	10429	30			
345	10431	30			
345	10196	400			
345	10193	100			
345	10194	100			
445	10899	40			
445	10920	40			
445	10941	40			
445	11088	40			
445	11109	40			
445	11130	40			
445	11235	40			
445	11298	40			
445	11361	40			
445	11550	40			
445	11676	40			
445	11802	40			
445	10398	20			
445	10399	20			
445	10401	20			
445	10402	20			
445	10403	30			
445	10409	20			
445	10410	20			
445	10415	20			
445	10416	30			
445	10419	20			
445	10424	60			
445	10425	40			
445	10426	30			
445	10427	60			
445	10428	40			
445	10429	30			
445	10431	30			
445	10196	400			
445	10193	100			
445	10194	100			
545	10899	42			
545	10920	42			
545	10941	42			
545	11088	42			
545	11109	42			
545	11130	42			
545	11235	42			
545	11298	42			
545	11361	42			
545	11550	42			
545	11676	42			
545	11802	42			
545	10398	20			
545	10399	20			
545	10401	20			
545	10402	20			
545	10403	30			
545	10409	20			
545	10410	20			
545	10415	20			
545	10416	30			
545	10419	20			
545	10424	60			
545	10425	40			
545	10426	30			
545	10427	60			
545	10428	40			
545	10429	30			
545	10431	30			
545	10196	400			
545	10193	100			
545	10194	100			
645	10899	44			
645	10920	44			
645	10941	44			
645	11088	44			
645	11109	44			
645	11130	44			
645	11235	44			
645	11298	44			
645	11361	44			
645	11550	44			
645	11676	44			
645	11802	44			
645	10398	20			
645	10399	20			
645	10401	20			
645	10402	20			
645	10403	30			
645	10409	20			
645	10410	20			
645	10415	20			
645	10416	30			
645	10419	20			
645	10424	60			
645	10425	40			
645	10426	30			
645	10427	60			
645	10428	40			
645	10429	30			
645	10431	30			
645	10196	400			
645	10193	140			
645	10194	140			
46	11025	55			
46	11046	55			
46	11067	55			
46	11214	55			
46	11466	55			
46	11592	55			
46	11655	55			
46	10398	20			
46	10399	20			
46	10401	20			
46	10402	20			
46	10403	30			
46	10409	20			
46	10410	20			
46	10415	20			
46	10416	30			
46	10419	20			
46	10424	60			
46	10425	40			
46	10426	30			
46	10427	60			
46	10428	40			
46	10429	30			
46	10431	30			
46	10196	400			
46	10193	90			
46	10194	90			
246	11025	58			
246	11046	58			
246	11067	58			
246	11214	58			
246	11466	58			
246	11592	58			
246	11655	58			
246	10398	20			
246	10399	20			
246	10401	20			
246	10402	20			
246	10403	30			
246	10409	20			
246	10410	20			
246	10415	20			
246	10416	30			
246	10419	20			
246	10424	60			
246	10425	40			
246	10426	30			
246	10427	60			
246	10428	40			
246	10429	30			
246	10431	30			
246	10196	400			
246	10193	90			
246	10194	90			
346	11025	60			
346	11046	60			
346	11067	60			
346	11214	60			
346	11466	60			
346	11592	60			
346	11655	60			
346	10398	20			
346	10399	20			
346	10401	20			
346	10402	20			
346	10403	30			
346	10409	20			
346	10410	20			
346	10415	20			
346	10416	30			
346	10419	20			
346	10424	60			
346	10425	40			
346	10426	30			
346	10427	60			
346	10428	40			
346	10429	30			
346	10431	30			
346	10196	400			
346	10193	90			
346	10194	90			
446	11025	62			
446	11046	62			
446	11067	62			
446	11214	62			
446	11466	62			
446	11592	62			
446	11655	62			
446	10398	20			
446	10399	20			
446	10401	20			
446	10402	20			
446	10403	30			
446	10409	20			
446	10410	20			
446	10415	20			
446	10416	30			
446	10419	20			
446	10424	60			
446	10425	40			
446	10426	30			
446	10427	60			
446	10428	40			
446	10429	30			
446	10431	30			
446	10196	400			
446	10193	90			
446	10194	90			
546	11025	64			
546	11046	64			
546	11067	64			
546	11214	64			
546	11466	64			
546	11592	64			
546	11655	64			
546	10398	20			
546	10399	20			
546	10401	20			
546	10402	20			
546	10403	30			
546	10409	20			
546	10410	20			
546	10415	20			
546	10416	30			
546	10419	20			
546	10424	60			
546	10425	40			
546	10426	30			
546	10427	60			
546	10428	40			
546	10429	30			
546	10431	30			
546	10196	400			
546	10193	90			
546	10194	90			
646	11025	66			
646	11046	66			
646	11067	66			
646	11214	66			
646	11466	66			
646	11592	66			
646	11655	66			
646	10398	20			
646	10399	20			
646	10401	20			
646	10402	20			
646	10403	30			
646	10409	20			
646	10410	20			
646	10415	20			
646	10416	30			
646	10419	20			
646	10424	60			
646	10425	40			
646	10426	30			
646	10427	60			
646	10428	40			
646	10429	30			
646	10431	30			
646	10196	400			
646	10193	100			
646	10194	100			
47	172	80			
47	592	80			
47	1012	60			
47	1432	60			
47	1852	60			
47	2272	80			
47	2692	80			
47	3112	60			
47	3532	60			
47	3952	60			
47	4330	80			
47	4645	80			
47	4960	80			
47	5338	80			
47	5653	80			
47	5968	80			
47	6346	80			
47	6661	80			
47	6976	80			
47	7354	80			
47	7669	80			
47	7984	80			
47	8299	80			
47	10196	300			
47	10193	50			
47	10194	50			
247	172	82			
247	592	82			
247	1012	62			
247	1432	62			
247	1852	62			
247	2272	82			
247	2692	82			
247	3112	62			
247	3532	62			
247	3952	62			
247	4330	82			
247	4645	82			
247	4960	82			
247	5338	82			
247	5653	82			
247	5968	82			
247	6346	82			
247	6661	82			
247	6976	82			
247	7354	82			
247	7669	82			
247	7984	82			
247	8299	82			
247	10196	300			
247	10193	50			
247	10194	50			
347	172	84			
347	592	84			
347	1012	64			
347	1432	64			
347	1852	64			
347	2272	84			
347	2692	84			
347	3112	64			
347	3532	64			
347	3952	64			
347	4330	84			
347	4645	84			
347	4960	84			
347	5338	84			
347	5653	84			
347	5968	84			
347	6346	84			
347	6661	84			
347	6976	84			
347	7354	84			
347	7669	84			
347	7984	84			
347	8299	84			
347	10196	300			
347	10193	50			
347	10194	50			
447	172	86			
447	592	86			
447	1012	66			
447	1432	66			
447	1852	66			
447	2272	86			
447	2692	86			
447	3112	66			
447	3532	66			
447	3952	66			
447	4330	86			
447	4645	86			
447	4960	86			
447	5338	86			
447	5653	86			
447	5968	86			
447	6346	86			
447	6661	86			
447	6976	86			
447	7354	86			
447	7669	86			
447	7984	86			
447	8299	86			
447	10196	300			
447	10193	50			
447	10194	50			
547	172	88			
547	592	88			
547	1012	68			
547	1432	68			
547	1852	68			
547	2272	88			
547	2692	88			
547	3112	68			
547	3532	68			
547	3952	68			
547	4330	88			
547	4645	88			
547	4960	88			
547	5338	88			
547	5653	88			
547	5968	88			
547	6346	88			
547	6661	88			
547	6976	88			
547	7354	88			
547	7669	88			
547	7984	88			
547	8299	88			
547	10196	300			
547	10193	50			
547	10194	50			
647	172	90			
647	592	90			
647	1012	70			
647	1432	70			
647	1852	70			
647	2272	90			
647	2692	90			
647	3112	70			
647	3532	70			
647	3952	70			
647	4330	90			
647	4645	90			
647	4960	90			
647	5338	90			
647	5653	90			
647	5968	90			
647	6346	90			
647	6661	90			
647	6976	90			
647	7354	90			
647	7669	90			
647	7984	90			
647	8299	90			
647	10196	300			
647	10193	50			
647	10194	50			
48	174	99			
48	594	99			
48	1014	77			
48	1434	77			
48	1854	77			
48	2274	99			
48	2694	99			
48	3114	77			
48	3534	77			
48	3954	77			
48	4332	99			
48	4647	99			
48	4962	99			
48	5340	99			
48	5655	99			
48	5970	99			
48	6348	99			
48	6663	99			
48	6978	99			
48	7356	99			
48	7671	99			
48	7986	99			
48	8301	99			
48	10398	10			
48	10399	10			
48	10401	10			
48	10402	10			
48	10403	20			
48	10409	10			
48	10410	10			
48	10415	10			
48	10416	20			
48	10419	10			
48	10424	50			
48	10425	30			
48	10426	20			
48	10427	50			
48	10428	30			
48	10429	20			
48	10431	20			
48	10196	300			
48	10193	80			
48	10194	80			
248	174	102			
248	594	102			
248	1014	80			
248	1434	80			
248	1854	80			
248	2274	102			
248	2694	102			
248	3114	80			
248	3534	80			
248	3954	80			
248	4332	102			
248	4647	102			
248	4962	102			
248	5340	102			
248	5655	102			
248	5970	102			
248	6348	102			
248	6663	102			
248	6978	102			
248	7356	102			
248	7671	102			
248	7986	102			
248	8301	102			
248	10398	10			
248	10399	10			
248	10401	10			
248	10402	10			
248	10403	20			
248	10409	10			
248	10410	10			
248	10415	10			
248	10416	20			
248	10419	10			
248	10424	50			
248	10425	30			
248	10426	20			
248	10427	50			
248	10428	30			
248	10429	20			
248	10431	20			
248	10196	300			
248	10193	80			
248	10194	80			
348	174	104			
348	594	104			
348	1014	82			
348	1434	82			
348	1854	82			
348	2274	104			
348	2694	104			
348	3114	82			
348	3534	82			
348	3954	82			
348	4332	104			
348	4647	104			
348	4962	104			
348	5340	104			
348	5655	104			
348	5970	104			
348	6348	104			
348	6663	104			
348	6978	104			
348	7356	104			
348	7671	104			
348	7986	104			
348	8301	104			
348	10398	10			
348	10399	10			
348	10401	10			
348	10402	10			
348	10403	20			
348	10409	10			
348	10410	10			
348	10415	10			
348	10416	20			
348	10419	10			
348	10424	50			
348	10425	30			
348	10426	20			
348	10427	50			
348	10428	30			
348	10429	20			
348	10431	20			
348	10196	300			
348	10193	80			
348	10194	80			
448	174	106			
448	594	106			
448	1014	84			
448	1434	84			
448	1854	84			
448	2274	106			
448	2694	106			
448	3114	84			
448	3534	84			
448	3954	84			
448	4332	106			
448	4647	106			
448	4962	106			
448	5340	106			
448	5655	106			
448	5970	106			
448	6348	106			
448	6663	106			
448	6978	106			
448	7356	106			
448	7671	106			
448	7986	106			
448	8301	106			
448	10398	10			
448	10399	10			
448	10401	10			
448	10402	10			
448	10403	20			
448	10409	10			
448	10410	10			
448	10415	10			
448	10416	20			
448	10419	10			
448	10424	50			
448	10425	30			
448	10426	20			
448	10427	50			
448	10428	30			
448	10429	20			
448	10431	20			
448	10196	300			
448	10193	80			
448	10194	80			
548	174	108			
548	594	108			
548	1014	86			
548	1434	86			
548	1854	86			
548	2274	108			
548	2694	108			
548	3114	86			
548	3534	86			
548	3954	86			
548	4332	108			
548	4647	108			
548	4962	108			
548	5340	108			
548	5655	108			
548	5970	108			
548	6348	108			
548	6663	108			
548	6978	108			
548	7356	108			
548	7671	108			
548	7986	108			
548	8301	108			
548	10398	10			
548	10399	10			
548	10401	10			
548	10402	10			
548	10403	20			
548	10409	10			
548	10410	10			
548	10415	10			
548	10416	20			
548	10419	10			
548	10424	50			
548	10425	30			
548	10426	20			
548	10427	50			
548	10428	30			
548	10429	20			
548	10431	20			
548	10196	300			
548	10193	80			
548	10194	80			
648	174	110			
648	594	110			
648	1014	88			
648	1434	88			
648	1854	88			
648	2274	110			
648	2694	110			
648	3114	88			
648	3534	88			
648	3954	88			
648	4332	110			
648	4647	110			
648	4962	110			
648	5340	110			
648	5655	110			
648	5970	110			
648	6348	110			
648	6663	110			
648	6978	110			
648	7356	110			
648	7671	110			
648	7986	110			
648	8301	110			
648	10398	10			
648	10399	10			
648	10401	10			
648	10402	10			
648	10403	20			
648	10409	10			
648	10410	10			
648	10415	10			
648	10416	20			
648	10419	10			
648	10424	50			
648	10425	30			
648	10426	20			
648	10427	50			
648	10428	30			
648	10429	20			
648	10431	20			
648	10196	300			
648	10193	90			
648	10194	90			
49	10647	44			
49	10668	44			
49	10689	44			
49	11403	33			
49	11844	33			
49	10398	20			
49	10399	20			
49	10401	20			
49	10402	20			
49	10403	30			
49	10409	20			
49	10410	20			
49	10415	20			
49	10416	30			
49	10419	20			
49	10424	60			
49	10425	40			
49	10426	30			
49	10427	60			
49	10428	40			
49	10429	30			
49	10431	30			
49	10196	400			
49	10193	90			
49	10194	90			
249	10647	47			
249	10668	47			
249	10689	47			
249	11403	36			
249	11844	36			
249	10398	20			
249	10399	20			
249	10401	20			
249	10402	20			
249	10403	30			
249	10409	20			
249	10410	20			
249	10415	20			
249	10416	30			
249	10419	20			
249	10424	60			
249	10425	40			
249	10426	30			
249	10427	60			
249	10428	40			
249	10429	30			
249	10431	30			
249	10196	400			
249	10193	90			
249	10194	90			
349	10647	49			
349	10668	49			
349	10689	49			
349	11403	38			
349	11844	38			
349	10398	20			
349	10399	20			
349	10401	20			
349	10402	20			
349	10403	30			
349	10409	20			
349	10410	20			
349	10415	20			
349	10416	30			
349	10419	20			
349	10424	60			
349	10425	40			
349	10426	30			
349	10427	60			
349	10428	40			
349	10429	30			
349	10431	30			
349	10196	400			
349	10193	80			
349	10194	80			
449	10647	51			
449	10668	51			
449	10689	51			
449	11403	40			
449	11844	40			
449	10398	20			
449	10399	20			
449	10401	20			
449	10402	20			
449	10403	30			
449	10409	20			
449	10410	20			
449	10415	20			
449	10416	30			
449	10419	20			
449	10424	60			
449	10425	40			
449	10426	30			
449	10427	60			
449	10428	40			
449	10429	30			
449	10431	30			
449	10196	400			
449	10193	90			
449	10194	90			
549	10647	53			
549	10668	53			
549	10689	53			
549	11403	42			
549	11844	42			
549	10398	20			
549	10399	20			
549	10401	20			
549	10402	20			
549	10403	30			
549	10409	20			
549	10410	20			
549	10415	20			
549	10416	30			
549	10419	20			
549	10424	60			
549	10425	40			
549	10426	30			
549	10427	60			
549	10428	40			
549	10429	30			
549	10431	30			
549	10196	400			
549	10193	90			
549	10194	90			
649	10647	55			
649	10668	55			
649	10689	55			
649	11403	44			
649	11844	44			
649	10398	20			
649	10399	20			
649	10401	20			
649	10402	20			
649	10403	30			
649	10409	20			
649	10410	20			
649	10415	20			
649	10416	30			
649	10419	20			
649	10424	60			
649	10425	40			
649	10426	30			
649	10427	60			
649	10428	40			
649	10429	30			
649	10431	30			
649	10196	400			
649	10193	100			
649	10194	100			
50	10458	33			
50	10479	33			
50	10500	33			
50	11718	33			
50	10398	20			
50	10399	20			
50	10401	20			
50	10402	20			
50	10403	30			
50	10409	20			
50	10410	20			
50	10415	20			
50	10416	30			
50	10419	20			
50	10424	60			
50	10425	40			
50	10426	30			
50	10427	60			
50	10428	40			
50	10429	30			
50	10431	30			
50	10196	400			
50	10193	90			
50	10194	90			
250	10458	36			
250	10479	36			
250	10500	36			
250	11718	36			
250	10398	20			
250	10399	20			
250	10401	20			
250	10402	20			
250	10403	30			
250	10409	20			
250	10410	20			
250	10415	20			
250	10416	30			
250	10419	20			
250	10424	60			
250	10425	40			
250	10426	30			
250	10427	60			
250	10428	40			
250	10429	30			
250	10431	30			
250	10196	400			
250	10193	90			
250	10194	90			
350	10458	38			
350	10479	38			
350	10500	38			
350	11718	38			
350	10398	20			
350	10399	20			
350	10401	20			
350	10402	20			
350	10403	30			
350	10409	20			
350	10410	20			
350	10415	20			
350	10416	30			
350	10419	20			
350	10424	60			
350	10425	40			
350	10426	30			
350	10427	60			
350	10428	40			
350	10429	30			
350	10431	30			
350	10196	400			
350	10193	90			
350	10194	90			
450	10458	40			
450	10479	40			
450	10500	40			
450	11718	40			
450	10398	20			
450	10399	20			
450	10401	20			
450	10402	20			
450	10403	30			
450	10409	20			
450	10410	20			
450	10415	20			
450	10416	30			
450	10419	20			
450	10424	60			
450	10425	40			
450	10426	30			
450	10427	60			
450	10428	40			
450	10429	30			
450	10431	30			
450	10196	400			
450	10193	90			
450	10194	90			
550	10458	42			
550	10479	42			
550	10500	42			
550	11718	42			
550	10398	20			
550	10399	20			
550	10401	20			
550	10402	20			
550	10403	30			
550	10409	20			
550	10410	20			
550	10415	20			
550	10416	30			
550	10419	20			
550	10424	60			
550	10425	40			
550	10426	30			
550	10427	60			
550	10428	40			
550	10429	30			
550	10431	30			
550	10196	400			
550	10193	90			
550	10194	90			
650	10458	44			
650	10479	44			
650	10500	44			
650	11718	44			
650	10398	20			
650	10399	20			
650	10401	20			
650	10402	20			
650	10403	30			
650	10409	20			
650	10410	20			
650	10415	20			
650	10416	30			
650	10419	20			
650	10424	60			
650	10425	40			
650	10426	30			
650	10427	60			
650	10428	40			
650	10429	30			
650	10431	30			
650	10196	400			
650	10193	100			
650	10194	100			
51	10521	22			
51	10542	22			
51	10563	22			
51	10710	22			
51	10731	22			
51	10752	22			
51	11424	22			
51	11487	22			
51	11613	22			
51	11739	22			
51	11865	22			
51	10398	20			
51	10399	20			
51	10401	20			
51	10402	20			
51	10403	30			
51	10409	20			
51	10410	20			
51	10415	20			
51	10416	30			
51	10419	20			
51	10424	60			
51	10425	40			
51	10426	30			
51	10427	60			
51	10428	40			
51	10429	30			
51	10431	30			
51	10196	400			
51	10193	110			
51	10194	110			
251	10521	25			
251	10542	25			
251	10563	25			
251	10710	25			
251	10731	25			
251	10752	25			
251	11424	25			
251	11487	25			
251	11613	25			
251	11739	25			
251	11865	25			
251	10398	20			
251	10399	20			
251	10401	20			
251	10402	20			
251	10403	30			
251	10409	20			
251	10410	20			
251	10415	20			
251	10416	30			
251	10419	20			
251	10424	60			
251	10425	40			
251	10426	30			
251	10427	60			
251	10428	40			
251	10429	30			
251	10431	30			
251	10196	400			
251	10193	110			
251	10194	110			
351	10521	27			
351	10542	27			
351	10563	27			
351	10710	27			
351	10731	27			
351	10752	27			
351	11424	27			
351	11487	27			
351	11613	27			
351	11739	27			
351	11865	27			
351	10398	20			
351	10399	20			
351	10401	20			
351	10402	20			
351	10403	30			
351	10409	20			
351	10410	20			
351	10415	20			
351	10416	30			
351	10419	20			
351	10424	60			
351	10425	40			
351	10426	30			
351	10427	60			
351	10428	40			
351	10429	30			
351	10431	30			
351	10196	400			
351	10193	110			
351	10194	110			
451	10521	29			
451	10542	29			
451	10563	29			
451	10710	29			
451	10731	29			
451	10752	29			
451	11424	29			
451	11487	29			
451	11613	29			
451	11739	29			
451	11865	29			
451	10398	20			
451	10399	20			
451	10401	20			
451	10402	20			
451	10403	30			
451	10409	20			
451	10410	20			
451	10415	20			
451	10416	30			
451	10419	20			
451	10424	60			
451	10425	40			
451	10426	30			
451	10427	60			
451	10428	40			
451	10429	30			
451	10431	30			
451	10196	400			
451	10193	110			
451	10194	110			
551	10521	31			
551	10542	31			
551	10563	31			
551	10710	31			
551	10731	31			
551	10752	31			
551	11424	31			
551	11487	31			
551	11613	31			
551	11739	31			
551	11865	31			
551	10398	20			
551	10399	20			
551	10401	20			
551	10402	20			
551	10403	30			
551	10409	20			
551	10410	20			
551	10415	20			
551	10416	30			
551	10419	20			
551	10424	60			
551	10425	40			
551	10426	30			
551	10427	60			
551	10428	40			
551	10429	30			
551	10431	30			
551	10196	400			
551	10193	110			
551	10194	110			
651	10521	33			
651	10542	33			
651	10563	33			
651	10710	33			
651	10731	33			
651	10752	33			
651	11424	33			
651	11487	33			
651	11613	33			
651	11739	33			
651	11865	33			
651	10398	20			
651	10399	20			
651	10401	20			
651	10402	20			
651	10403	30			
651	10409	20			
651	10410	20			
651	10415	20			
651	10416	30			
651	10419	20			
651	10424	60			
651	10425	40			
651	10426	30			
651	10427	60			
651	10428	40			
651	10429	30			
651	10431	30			
651	10196	400			
651	10193	150			
651	10194	150			
52	10836	66			
52	10857	66			
52	10878	66			
52	11277	66			
52	11340	66			
52	11529	66			
52	11781	66			
52	10398	20			
52	10399	20			
52	10401	20			
52	10402	20			
52	10403	30			
52	10409	20			
52	10410	20			
52	10415	20			
52	10416	30			
52	10419	20			
52	10424	60			
52	10425	40			
52	10426	30			
52	10427	60			
52	10428	40			
52	10429	30			
52	10431	30			
52	10196	400			
52	10193	90			
52	10194	90			
252	10836	69			
252	10857	69			
252	10878	69			
252	11277	69			
252	11340	69			
252	11529	69			
252	11781	69			
252	10398	20			
252	10399	20			
252	10401	20			
252	10402	20			
252	10403	30			
252	10409	20			
252	10410	20			
252	10415	20			
252	10416	30			
252	10419	20			
252	10424	60			
252	10425	40			
252	10426	30			
252	10427	60			
252	10428	40			
252	10429	30			
252	10431	30			
252	10196	400			
252	10193	90			
252	10194	90			
352	10836	71			
352	10857	71			
352	10878	71			
352	11277	71			
352	11340	71			
352	11529	71			
352	11781	71			
352	10398	20			
352	10399	20			
352	10401	20			
352	10402	20			
352	10403	30			
352	10409	20			
352	10410	20			
352	10415	20			
352	10416	30			
352	10419	20			
352	10424	60			
352	10425	40			
352	10426	30			
352	10427	60			
352	10428	40			
352	10429	30			
352	10431	30			
352	10196	400			
352	10193	90			
352	10194	90			
452	10836	73			
452	10857	73			
452	10878	73			
452	11277	73			
452	11340	73			
452	11529	73			
452	11781	73			
452	10398	20			
452	10399	20			
452	10401	20			
452	10402	20			
452	10403	30			
452	10409	20			
452	10410	20			
452	10415	20			
452	10416	30			
452	10419	20			
452	10424	60			
452	10425	40			
452	10426	30			
452	10427	60			
452	10428	40			
452	10429	30			
452	10431	30			
452	10196	400			
452	10193	90			
452	10194	90			
552	10836	75			
552	10857	75			
552	10878	75			
552	11277	75			
552	11340	75			
552	11529	75			
552	11781	75			
552	10398	20			
552	10399	20			
552	10401	20			
552	10402	20			
552	10403	30			
552	10409	20			
552	10410	20			
552	10415	20			
552	10416	30			
552	10419	20			
552	10424	60			
552	10425	40			
552	10426	30			
552	10427	60			
552	10428	40			
552	10429	30			
552	10431	30			
552	10196	400			
552	10193	90			
552	10194	90			
652	10836	77			
652	10857	77			
652	10878	77			
652	11277	77			
652	11340	77			
652	11529	77			
652	11781	77			
652	10398	20			
652	10399	20			
652	10401	20			
652	10402	20			
652	10403	30			
652	10409	20			
652	10410	20			
652	10415	20			
652	10416	30			
652	10419	20			
652	10424	60			
652	10425	40			
652	10426	30			
652	10427	60			
652	10428	40			
652	10429	30			
652	10431	30			
652	10196	400			
652	10193	100			
652	10194	100			
53	172	60			
53	592	60			
53	1012	40			
53	1432	40			
53	1852	40			
53	2272	60			
53	2692	60			
53	3112	40			
53	3532	40			
53	3952	40			
53	4330	60			
53	4645	60			
53	4960	60			
53	5338	60			
53	5653	60			
53	5968	60			
53	6346	60			
53	6661	60			
53	6976	60			
53	7354	60			
53	7669	60			
53	7984	60			
53	8299	60			
53	10196	300			
53	10193	50			
53	10194	50			
253	172	62			
253	592	62			
253	1012	42			
253	1432	42			
253	1852	42			
253	2272	62			
253	2692	62			
253	3112	42			
253	3532	42			
253	3952	42			
253	4330	62			
253	4645	62			
253	4960	62			
253	5338	62			
253	5653	62			
253	5968	62			
253	6346	62			
253	6661	62			
253	6976	62			
253	7354	62			
253	7669	62			
253	7984	62			
253	8299	62			
253	10196	300			
253	10193	50			
253	10194	50			
353	172	64			
353	592	64			
353	1012	44			
353	1432	44			
353	1852	44			
353	2272	64			
353	2692	64			
353	3112	44			
353	3532	44			
353	3952	44			
353	4330	64			
353	4645	64			
353	4960	64			
353	5338	64			
353	5653	64			
353	5968	64			
353	6346	64			
353	6661	64			
353	6976	64			
353	7354	64			
353	7669	64			
353	7984	64			
353	8299	64			
353	10196	300			
353	10193	50			
353	10194	50			
453	172	66			
453	592	66			
453	1012	46			
453	1432	46			
453	1852	46			
453	2272	66			
453	2692	66			
453	3112	46			
453	3532	46			
453	3952	46			
453	4330	66			
453	4645	66			
453	4960	66			
453	5338	66			
453	5653	66			
453	5968	66			
453	6346	66			
453	6661	66			
453	6976	66			
453	7354	66			
453	7669	66			
453	7984	66			
453	8299	66			
453	10196	300			
453	10193	50			
453	10194	50			
553	172	68			
553	592	68			
553	1012	48			
553	1432	48			
553	1852	48			
553	2272	68			
553	2692	68			
553	3112	48			
553	3532	48			
553	3952	48			
553	4330	68			
553	4645	68			
553	4960	68			
553	5338	68			
553	5653	68			
553	5968	68			
553	6346	68			
553	6661	68			
553	6976	68			
553	7354	68			
553	7669	68			
553	7984	68			
553	8299	68			
553	10196	300			
553	10193	50			
553	10194	50			
653	172	70			
653	592	70			
653	1012	50			
653	1432	50			
653	1852	50			
653	2272	70			
653	2692	70			
653	3112	50			
653	3532	50			
653	3952	50			
653	4330	70			
653	4645	70			
653	4960	70			
653	5338	70			
653	5653	70			
653	5968	70			
653	6346	70			
653	6661	70			
653	6976	70			
653	7354	70			
653	7669	70			
653	7984	70			
653	8299	70			
653	10196	300			
653	10193	60			
653	10194	60			
54	172	70			
54	592	70			
54	1012	50			
54	1432	50			
54	1852	50			
54	2272	70			
54	2692	70			
54	3112	50			
54	3532	50			
54	3952	50			
54	4330	70			
54	4645	70			
54	4960	70			
54	5338	70			
54	5653	70			
54	5968	70			
54	6346	70			
54	6661	70			
54	6976	70			
54	7354	70			
54	7669	70			
54	7984	70			
54	8299	70			
54	10196	300			
54	10193	60			
54	10194	60			
254	172	72			
254	592	72			
254	1012	52			
254	1432	52			
254	1852	52			
254	2272	72			
254	2692	72			
254	3112	52			
254	3532	52			
254	3952	52			
254	4330	72			
254	4645	72			
254	4960	72			
254	5338	72			
254	5653	72			
254	5968	72			
254	6346	72			
254	6661	72			
254	6976	72			
254	7354	72			
254	7669	72			
254	7984	72			
254	8299	72			
254	10196	300			
254	10193	50			
254	10194	50			
354	172	74			
354	592	74			
354	1012	54			
354	1432	54			
354	1852	54			
354	2272	74			
354	2692	74			
354	3112	54			
354	3532	54			
354	3952	54			
354	4330	74			
354	4645	74			
354	4960	74			
354	5338	74			
354	5653	74			
354	5968	74			
354	6346	74			
354	6661	74			
354	6976	74			
354	7354	74			
354	7669	74			
354	7984	74			
354	8299	74			
354	10196	300			
354	10193	50			
354	10194	50			
454	172	76			
454	592	76			
454	1012	56			
454	1432	56			
454	1852	56			
454	2272	76			
454	2692	76			
454	3112	56			
454	3532	56			
454	3952	56			
454	4330	76			
454	4645	76			
454	4960	76			
454	5338	76			
454	5653	76			
454	5968	76			
454	6346	76			
454	6661	76			
454	6976	76			
454	7354	76			
454	7669	76			
454	7984	76			
454	8299	76			
454	10196	300			
454	10193	50			
454	10194	50			
554	172	78			
554	592	78			
554	1012	58			
554	1432	58			
554	1852	58			
554	2272	78			
554	2692	78			
554	3112	58			
554	3532	58			
554	3952	58			
554	4330	78			
554	4645	78			
554	4960	78			
554	5338	78			
554	5653	78			
554	5968	78			
554	6346	78			
554	6661	78			
554	6976	78			
554	7354	78			
554	7669	78			
554	7984	78			
554	8299	78			
554	10196	300			
554	10193	50			
554	10194	50			
654	172	80			
654	592	80			
654	1012	60			
654	1432	60			
654	1852	60			
654	2272	80			
654	2692	80			
654	3112	60			
654	3532	60			
654	3952	60			
654	4330	80			
654	4645	80			
654	4960	80			
654	5338	80			
654	5653	80			
654	5968	80			
654	6346	80			
654	6661	80			
654	6976	80			
654	7354	80			
654	7669	80			
654	7984	80			
654	8299	80			
654	10196	300			
654	10193	60			
654	10194	60			
101	8553	5			
101	8889	5			
101	9183	5			
101	9435	5			
101	9771	5			
101	10065	5			
101	10190	10			
101	12165	10			
101	12186	10			
101	12207	10			
101	12354	20			
101	12375	20			
101	12396	20			
101	12543	20			
101	12564	20			
101	12585	20			
101	12732	20			
101	12753	20			
101	12774	20			
101	12879	20			
101	12942	20			
101	13005	20			
101	13068	10			
101	13131	10			
101	13194	20			
101	13257	20			
101	13320	20			
101	13383	10			
101	13446	20			
101	13509	10			
101	10196	500			
101	10193	400			
101	10194	400			
103	8554	5			
103	8890	5			
103	9184	5			
103	9436	5			
103	9772	5			
103	10066	5			
103	10190	12			
103	12165	12			
103	12186	12			
103	12207	12			
103	12354	22			
103	12375	22			
103	12396	22			
103	12543	22			
103	12564	22			
103	12585	22			
103	12732	22			
103	12753	22			
103	12774	22			
103	12879	22			
103	12942	22			
103	13005	22			
103	13068	12			
103	13131	12			
103	13194	22			
103	13257	22			
103	13320	22			
103	13383	12			
103	13446	22			
103	13509	12			
103	10196	500			
103	10193	400			
103	10194	400			
102	8555	5			
102	8891	5			
102	9185	5			
102	9437	5			
102	9773	5			
102	10067	5			
102	10190	14			
102	12165	14			
102	12186	14			
102	12207	14			
102	12354	24			
102	12375	24			
102	12396	24			
102	12543	24			
102	12564	24			
102	12585	24			
102	12732	24			
102	12753	24			
102	12774	24			
102	12879	24			
102	12942	24			
102	13005	24			
102	13068	14			
102	13131	14			
102	13194	24			
102	13257	24			
102	13320	24			
102	13383	14			
102	13446	24			
102	13509	14			
102	10196	500			
102	10193	400			
102	10194	400			
